Cust_ID,Age,Gender
13001,49,MALE
13276,21,FEMALE
13439,37,MALE
14176,44,MALE
13134,45,MALE
14175,49,MALE
12842,36,FEMALE
14173,34,FEMALE
13357,41,FEMALE
14167,21,FEMALE
13198,18,MALE
14163,29,MALE
13069,34,FEMALE
14161,30,FEMALE
12925,48,FEMALE
14159,28,MALE
13476,18,MALE
14157,50,MALE
13402,28,MALE
14154,46,MALE
13307,47,FEMALE
14152,38,MALE
13239,38,FEMALE
14148,18,FEMALE
13161,26,MALE
14147,18,FEMALE
13101,18,FEMALE
14146,28,FEMALE
13032,40,FEMALE
14145,46,MALE
12963,32,FEMALE
14139,42,MALE
12875,38,FEMALE
14135,19,FEMALE
13488,22,MALE
14130,22,MALE
13458,50,MALE
14129,31,MALE
13421,34,FEMALE
14128,32,MALE
13381,21,FEMALE
14127,39,MALE
13320,21,MALE
14126,25,MALE
13292,30,FEMALE
14114,30,MALE
13255,41,MALE
14113,24,MALE
13217,21,MALE
14112,30,MALE
13174,25,FEMALE
14110,22,MALE
13144,19,FEMALE
14107,19,MALE
13113,23,FEMALE
14105,37,MALE
13083,50,MALE
14104,19,FEMALE
13048,26,FEMALE
14101,34,FEMALE
13015,42,MALE
14099,48,MALE
12982,36,FEMALE
14092,37,MALE
12943,34,FEMALE
14088,30,FEMALE
12913,25,MALE
14087,47,MALE
12857,48,MALE
14085,22,MALE
12829,45,MALE
14083,42,MALE
13482,21,FEMALE
14081,43,FEMALE
13466,42,FEMALE
14080,26,FEMALE
13451,34,FEMALE
14079,29,MALE
13428,27,MALE
14078,24,MALE
13410,34,FEMALE
14077,42,MALE
13394,37,FEMALE
14075,48,MALE
13365,24,FEMALE
14068,43,FEMALE
13330,31,FEMALE
14064,42,FEMALE
13313,38,FEMALE
14062,26,FEMALE
13299,29,MALE
14060,38,FEMALE
13282,18,FEMALE
14057,25,FEMALE
13263,27,MALE
14055,19,MALE
13245,39,FEMALE
14053,48,FEMALE
13226,37,FEMALE
14052,18,FEMALE
13208,38,FEMALE
14051,22,FEMALE
13187,35,MALE
14049,40,FEMALE
13167,26,MALE
14048,23,FEMALE
13154,45,FEMALE
14047,25,MALE
13138,23,MALE
14045,43,MALE
13124,25,MALE
14044,31,MALE
13106,23,MALE
14040,36,MALE
13092,18,MALE
14039,26,MALE
13079,23,FEMALE
14038,32,FEMALE
13055,21,FEMALE
14037,36,MALE
13044,30,MALE
14035,48,MALE
13026,18,FEMALE
14032,26,MALE
13008,38,FEMALE
14031,49,FEMALE
12991,45,FEMALE
14030,23,FEMALE
12974,46,FEMALE
14024,49,FEMALE
12951,43,FEMALE
14022,47,MALE
12935,44,MALE
14021,38,MALE
12920,35,FEMALE
14020,45,MALE
12897,34,MALE
14014,23,MALE
12868,22,FEMALE
14013,45,MALE
12849,27,MALE
14009,27,FEMALE
12838,32,MALE
14006,26,MALE
12820,18,MALE
14004,39,MALE
13485,21,FEMALE
14001,38,FEMALE
13479,46,MALE
14000,50,FEMALE
13473,41,MALE
13999,46,FEMALE
13462,41,MALE
13995,46,MALE
13453,46,MALE
13993,43,MALE
13448,40,FEMALE
13992,23,FEMALE
13434,49,MALE
13989,29,MALE
13426,35,FEMALE
13988,39,FEMALE
13417,26,FEMALE
13985,32,MALE
13405,26,FEMALE
13984,22,FEMALE
13397,37,FEMALE
13983,44,FEMALE
13384,46,MALE
13982,23,FEMALE
13373,23,MALE
13980,27,FEMALE
13362,30,FEMALE
13979,25,FEMALE
13338,25,MALE
13976,31,FEMALE
13327,37,MALE
13975,46,MALE
13317,22,MALE
13974,43,MALE
13309,40,FEMALE
13971,46,FEMALE
13302,39,FEMALE
13969,42,FEMALE
13296,38,FEMALE
13967,49,FEMALE
13285,24,MALE
13963,19,MALE
13278,43,MALE
13962,42,FEMALE
13267,26,MALE
13959,45,FEMALE
13259,20,MALE
13955,22,FEMALE
13249,42,FEMALE
13953,50,FEMALE
13242,26,MALE
13952,44,FEMALE
13233,45,FEMALE
13946,34,MALE
13223,32,FEMALE
13941,34,MALE
13211,46,FEMALE
13939,29,MALE
13203,40,FEMALE
13937,42,FEMALE
13194,18,FEMALE
13936,32,MALE
13178,40,FEMALE
13931,39,FEMALE
13169,26,FEMALE
13929,29,FEMALE
13165,38,MALE
13927,42,MALE
13157,36,FEMALE
13911,38,MALE
13148,40,FEMALE
13901,22,FEMALE
13140,34,FEMALE
13900,50,MALE
13136,46,MALE
13898,20,FEMALE
13131,23,MALE
13897,39,MALE
13117,19,MALE
13895,26,FEMALE
13109,34,MALE
13892,29,FEMALE
13103,39,MALE
13890,49,MALE
13094,33,FEMALE
13889,22,FEMALE
13089,37,FEMALE
13888,32,FEMALE
13081,36,FEMALE
13884,35,FEMALE
13077,25,MALE
13883,39,MALE
13064,25,FEMALE
13881,39,MALE
13050,43,FEMALE
13880,21,MALE
13046,43,FEMALE
13878,40,MALE
13035,40,MALE
13877,44,FEMALE
13029,37,FEMALE
13875,36,MALE
13021,32,MALE
13873,24,MALE
13013,48,FEMALE
13871,47,MALE
13004,41,MALE
13870,19,MALE
12997,39,FEMALE
13869,25,MALE
12989,40,MALE
13863,22,FEMALE
12977,32,FEMALE
13862,38,MALE
12970,31,MALE
13859,41,MALE
12956,29,MALE
13856,39,FEMALE
12947,24,FEMALE
13854,30,FEMALE
12939,43,MALE
13851,20,FEMALE
12931,26,MALE
13849,38,MALE
12923,19,FEMALE
13848,18,MALE
12916,33,MALE
13846,22,MALE
12909,37,MALE
13842,19,FEMALE
12890,47,MALE
13838,30,FEMALE
12872,22,MALE
13835,23,FEMALE
12864,44,FEMALE
13833,39,FEMALE
12853,38,MALE
13832,23,MALE
12844,18,FEMALE
13831,20,MALE
12840,33,FEMALE
13824,30,MALE
12836,50,FEMALE
13823,21,MALE
12823,48,FEMALE
13821,37,MALE
12748,25,FEMALE
13819,22,MALE
13487,18,MALE
13804,24,FEMALE
13484,22,MALE
13803,21,MALE
13481,25,MALE
13802,34,MALE
13477,41,FEMALE
13800,38,FEMALE
13474,45,FEMALE
13799,35,MALE
13468,19,MALE
13798,33,FEMALE
13464,38,MALE
13792,50,MALE
13461,19,FEMALE
13787,28,FEMALE
13455,40,FEMALE
13784,36,MALE
13452,42,MALE
13782,21,FEMALE
13450,39,FEMALE
13781,46,FEMALE
13441,27,MALE
13780,36,MALE
13435,26,FEMALE
13778,26,MALE
13431,28,MALE
13777,22,FEMALE
13427,23,FEMALE
13772,45,MALE
13425,18,FEMALE
13771,35,FEMALE
13418,20,FEMALE
13769,19,MALE
13414,36,FEMALE
13767,24,MALE
13408,26,MALE
13764,20,FEMALE
13403,36,MALE
13763,40,FEMALE
13398,19,FEMALE
13762,28,FEMALE
13395,31,FEMALE
13761,39,FEMALE
13388,19,FEMALE
13760,41,FEMALE
13382,46,FEMALE
13758,42,MALE
13375,21,FEMALE
13756,32,MALE
13368,28,MALE
13754,25,FEMALE
13363,49,MALE
13753,41,FEMALE
13359,21,MALE
13752,41,MALE
13340,42,MALE
13750,41,FEMALE
13334,18,FEMALE
13748,48,MALE
13329,34,FEMALE
13745,32,MALE
13324,38,MALE
13740,30,MALE
13319,24,FEMALE
13739,40,FEMALE
13316,40,FEMALE
13736,28,MALE
13310,48,FEMALE
13735,39,FEMALE
13308,29,FEMALE
13728,26,MALE
13305,47,MALE
13727,37,FEMALE
13300,49,MALE
13723,38,MALE
13297,36,FEMALE
13722,34,MALE
13294,32,MALE
13721,35,FEMALE
13291,44,FEMALE
13719,34,FEMALE
13283,39,MALE
13717,36,MALE
13280,29,MALE
13715,18,FEMALE
13277,26,MALE
13712,34,FEMALE
13269,22,FEMALE
13711,19,FEMALE
13266,44,MALE
13710,25,MALE
13262,36,FEMALE
13709,26,MALE
13258,41,FEMALE
13707,42,FEMALE
13253,19,FEMALE
13706,18,MALE
13246,39,FEMALE
13705,43,MALE
13243,24,MALE
13703,25,MALE
13240,18,MALE
13700,35,MALE
13238,47,FEMALE
13699,50,MALE
13230,50,FEMALE
13695,37,MALE
13225,31,FEMALE
13694,19,MALE
13220,39,FEMALE
13693,31,MALE
13213,25,FEMALE
13692,29,FEMALE
13209,27,MALE
13689,37,FEMALE
13207,19,FEMALE
13686,28,MALE
13199,48,FEMALE
13684,28,FEMALE
13196,37,FEMALE
13680,18,MALE
13192,45,FEMALE
13669,33,FEMALE
13183,21,FEMALE
13668,39,FEMALE
13177,42,FEMALE
13666,27,MALE
13173,43,MALE
13663,36,MALE
13168,43,MALE
13662,28,MALE
13166,21,MALE
13659,36,FEMALE
13162,44,MALE
13658,50,MALE
13158,23,MALE
13656,47,FEMALE
13155,40,FEMALE
13655,30,FEMALE
13151,25,MALE
13654,48,FEMALE
13145,37,MALE
13652,23,MALE
13141,21,MALE
13651,36,FEMALE
13139,47,FEMALE
13650,41,FEMALE
13137,42,FEMALE
13649,34,MALE
13135,41,MALE
13647,32,MALE
13133,24,MALE
13643,23,MALE
13126,18,FEMALE
13642,23,FEMALE
13118,29,MALE
13639,26,FEMALE
13115,18,FEMALE
13635,39,FEMALE
13110,44,FEMALE
13634,43,FEMALE
13107,38,FEMALE
13632,29,MALE
13104,35,FEMALE
13629,31,MALE
13102,20,MALE
13627,22,MALE
13097,48,MALE
13626,29,MALE
13093,43,FEMALE
13623,42,FEMALE
13090,31,MALE
13617,20,FEMALE
13085,34,FEMALE
13615,42,MALE
13082,43,FEMALE
13614,19,FEMALE
13080,22,MALE
13611,38,MALE
13078,47,FEMALE
13610,37,MALE
13070,46,MALE
13607,24,FEMALE
13067,48,MALE
13602,37,MALE
13059,42,FEMALE
13601,38,FEMALE
13052,28,MALE
13600,40,FEMALE
13049,36,MALE
13599,37,FEMALE
13047,40,MALE
13598,26,FEMALE
13045,24,FEMALE
13594,32,MALE
13037,19,FEMALE
13593,22,MALE
13034,38,FEMALE
13591,21,FEMALE
13030,28,FEMALE
13590,35,MALE
13027,49,FEMALE
13589,48,FEMALE
13023,22,MALE
13587,33,FEMALE
13018,42,FEMALE
13584,49,MALE
13014,22,FEMALE
13583,20,MALE
13012,31,MALE
13581,46,MALE
13005,41,FEMALE
13579,45,FEMALE
13002,36,FEMALE
13577,39,FEMALE
13000,43,FEMALE
13576,36,MALE
12993,22,MALE
13573,25,MALE
12990,42,FEMALE
13571,39,MALE
12987,50,FEMALE
13569,28,FEMALE
12980,29,FEMALE
13566,19,MALE
12976,43,FEMALE
13565,49,MALE
12971,20,FEMALE
13564,39,MALE
12967,43,FEMALE
13562,47,MALE
12957,42,MALE
13561,50,MALE
12953,28,FEMALE
13557,42,FEMALE
12949,18,FEMALE
13555,27,MALE
12945,36,MALE
13552,45,MALE
12942,34,FEMALE
13551,45,FEMALE
12937,28,MALE
13549,19,FEMALE
12933,44,MALE
13548,48,MALE
12928,21,FEMALE
13546,37,FEMALE
12924,18,MALE
13544,23,FEMALE
12921,19,FEMALE
13539,41,FEMALE
12917,40,FEMALE
13538,20,FEMALE
12915,31,FEMALE
13534,45,FEMALE
12910,35,FEMALE
13531,23,MALE
12908,20,FEMALE
13527,20,FEMALE
12891,46,FEMALE
13523,49,MALE
12877,37,MALE
13519,19,FEMALE
12873,18,MALE
13516,40,MALE
12871,50,MALE
13515,24,MALE
12867,50,MALE
13514,37,MALE
12863,37,FEMALE
13513,37,FEMALE
12854,47,MALE
13512,41,FEMALE
12851,48,MALE
13510,26,MALE
12847,25,MALE
13509,48,FEMALE
12843,36,MALE
13508,48,FEMALE
12841,37,FEMALE
13506,33,FEMALE
12839,34,FEMALE
13503,29,MALE
12837,50,MALE
13502,23,FEMALE
12831,18,FEMALE
13500,50,MALE
12826,36,FEMALE
13497,36,MALE
12821,50,FEMALE
13495,30,FEMALE
12749,20,FEMALE
13491,34,FEMALE
12747,47,FEMALE
14177,27,FEMALE
12346,35,MALE
14441,28,MALE
14693,26,FEMALE
14840,21,FEMALE
15555,18,FEMALE
14552,24,FEMALE
15552,42,MALE
14284,18,MALE
15551,50,FEMALE
14755,32,MALE
15550,37,FEMALE
14626,41,MALE
15549,32,FEMALE
14496,33,MALE
15547,42,FEMALE
14350,19,FEMALE
15545,44,MALE
14211,23,MALE
15544,18,FEMALE
14796,18,FEMALE
15543,24,MALE
14723,26,MALE
15540,24,FEMALE
14662,49,FEMALE
15535,26,MALE
14594,39,FEMALE
15532,49,FEMALE
14530,27,MALE
15530,19,FEMALE
14470,37,FEMALE
15529,33,MALE
14409,30,FEMALE
15527,50,FEMALE
14312,19,MALE
15525,25,FEMALE
14238,37,MALE
15524,28,FEMALE
14853,29,FEMALE
15523,20,MALE
14819,39,MALE
15521,37,FEMALE
14775,44,MALE
15518,18,FEMALE
14739,38,FEMALE
15514,47,MALE
14709,18,FEMALE
15513,43,MALE
14680,42,FEMALE
15512,48,FEMALE
14645,19,FEMALE
15506,20,FEMALE
14609,22,MALE
15504,21,FEMALE
14572,20,FEMALE
15502,44,FEMALE
14541,28,MALE
15498,31,MALE
14512,49,FEMALE
15497,47,MALE
14482,32,FEMALE
15494,32,FEMALE
14459,43,MALE
15493,32,MALE
14422,28,MALE
15489,43,FEMALE
14390,19,MALE
15488,32,FEMALE
14332,23,FEMALE
15485,38,MALE
14298,37,MALE
15484,35,MALE
14257,22,MALE
15483,30,FEMALE
14224,19,FEMALE
15482,27,MALE
14199,30,FEMALE
15478,20,MALE
14849,29,FEMALE
15473,27,MALE
14828,37,FEMALE
15471,49,FEMALE
14806,24,MALE
15469,28,FEMALE
14788,20,MALE
15468,47,MALE
14762,25,FEMALE
15466,49,MALE
14745,19,MALE
15465,28,MALE
14733,25,FEMALE
15462,21,MALE
14714,25,FEMALE
15458,49,FEMALE
14701,23,FEMALE
15456,19,MALE
14687,30,MALE
15452,22,MALE
14672,44,FEMALE
15448,21,MALE
14653,36,MALE
15447,47,MALE
14639,40,MALE
15445,22,FEMALE
14621,42,FEMALE
15443,34,FEMALE
14600,32,MALE
15437,22,FEMALE
14583,18,FEMALE
15434,42,FEMALE
14562,27,MALE
15432,30,MALE
14548,22,FEMALE
15428,46,MALE
14535,49,FEMALE
15426,50,FEMALE
14522,25,MALE
15424,24,MALE
14505,32,FEMALE
15423,31,MALE
14491,31,FEMALE
15422,20,FEMALE
14477,44,MALE
15421,40,FEMALE
14463,49,MALE
15416,30,MALE
14449,35,FEMALE
15410,39,MALE
14431,45,MALE
15406,29,MALE
14415,42,MALE
15405,28,MALE
14401,40,FEMALE
15402,18,FEMALE
14381,48,MALE
15400,48,MALE
14341,19,MALE
15396,49,MALE
14321,25,FEMALE
15394,50,MALE
14306,31,MALE
15393,46,MALE
14291,35,FEMALE
15392,23,MALE
14271,42,MALE
15389,24,MALE
14243,41,MALE
15385,33,MALE
14231,40,MALE
15384,19,FEMALE
14217,37,MALE
15382,38,MALE
14206,18,MALE
15381,45,FEMALE
14193,44,MALE
15380,30,MALE
14851,30,MALE
15379,37,FEMALE
14844,34,FEMALE
15374,34,MALE
14834,23,FEMALE
15373,40,FEMALE
14824,23,FEMALE
15372,23,FEMALE
14817,39,MALE
15370,46,MALE
14800,23,MALE
15369,37,MALE
14793,31,MALE
15368,32,FEMALE
14777,45,FEMALE
15367,21,FEMALE
14769,28,FEMALE
15366,23,FEMALE
14758,23,MALE
15365,45,FEMALE
14753,39,MALE
15363,43,FEMALE
14741,42,MALE
15358,50,MALE
14737,41,FEMALE
15356,47,FEMALE
14727,43,FEMALE
15353,40,FEMALE
14716,26,FEMALE
15351,24,MALE
14712,29,MALE
15346,30,FEMALE
14704,36,MALE
15341,39,FEMALE
14699,18,FEMALE
15339,20,MALE
14690,25,MALE
15329,19,MALE
14682,31,FEMALE
15326,20,MALE
14675,20,MALE
15325,42,FEMALE
14667,40,FEMALE
15322,21,MALE
14656,36,MALE
15321,39,MALE
14649,39,FEMALE
15314,28,MALE
14643,29,FEMALE
15312,38,FEMALE
14628,29,MALE
15311,47,MALE
14624,26,FEMALE
15306,39,FEMALE
14618,49,FEMALE
15304,35,MALE
14607,31,FEMALE
15303,36,MALE
14597,38,MALE
15301,18,MALE
14585,44,FEMALE
15299,36,MALE
14577,49,MALE
15298,50,FEMALE
14569,26,MALE
15296,49,FEMALE
14555,24,FEMALE
15291,24,FEMALE
14550,49,MALE
15290,45,MALE
14544,27,FEMALE
15289,26,FEMALE
14538,43,MALE
15288,43,MALE
14533,46,MALE
15287,31,MALE
14525,23,FEMALE
15281,32,MALE
14514,25,FEMALE
15280,27,FEMALE
14507,32,FEMALE
15277,39,MALE
14498,19,MALE
15276,32,MALE
14494,50,MALE
15272,42,FEMALE
14487,47,FEMALE
15271,50,MALE
14480,28,MALE
15270,32,MALE
14474,46,FEMALE
15269,19,MALE
14466,46,FEMALE
15266,19,MALE
14461,42,FEMALE
15265,49,MALE
14451,32,MALE
15264,35,FEMALE
14446,42,FEMALE
15262,26,FEMALE
14437,22,MALE
15261,19,MALE
14426,20,MALE
15260,21,FEMALE
14420,26,MALE
15257,39,FEMALE
14412,34,FEMALE
15256,34,MALE
14404,46,MALE
15255,25,FEMALE
14396,40,MALE
15254,39,MALE
14388,24,MALE
15253,24,FEMALE
14375,31,MALE
15252,47,MALE
14344,37,FEMALE
15251,35,MALE
14338,44,MALE
15249,25,MALE
14327,34,FEMALE
15247,41,FEMALE
14315,28,MALE
15246,44,MALE
14309,22,MALE
15245,48,FEMALE
14301,41,FEMALE
15244,50,MALE
14293,18,FEMALE
15243,32,FEMALE
14286,33,MALE
15241,40,FEMALE
14276,42,MALE
15240,34,FEMALE
14264,47,FEMALE
15235,38,FEMALE
14248,50,FEMALE
15228,20,MALE
14240,33,MALE
15227,25,MALE
14235,45,FEMALE
15223,33,MALE
14227,29,MALE
15222,27,FEMALE
14220,37,FEMALE
15219,38,MALE
14215,37,FEMALE
15218,18,MALE
14209,28,MALE
15216,45,MALE
14204,49,FEMALE
15215,29,MALE
14195,27,MALE
15212,33,FEMALE
14189,46,MALE
15211,28,FEMALE
14852,44,FEMALE
15210,26,FEMALE
14850,19,FEMALE
15208,30,MALE
14847,42,MALE
15203,39,MALE
14841,48,MALE
15201,43,MALE
14837,20,MALE
15199,20,MALE
14829,46,FEMALE
15198,25,FEMALE
14825,36,MALE
15197,33,FEMALE
14820,27,MALE
15194,19,MALE
14818,26,MALE
15192,45,FEMALE
14810,35,FEMALE
15189,48,MALE
14805,36,MALE
15186,27,MALE
14798,48,MALE
15184,32,FEMALE
14794,31,FEMALE
15182,33,FEMALE
14790,34,MALE
15181,21,MALE
14784,38,MALE
15179,37,FEMALE
14776,48,FEMALE
15174,19,FEMALE
14770,31,FEMALE
15167,18,FEMALE
14766,27,FEMALE
15164,22,FEMALE
14761,19,FEMALE
15159,49,FEMALE
14756,39,FEMALE
15158,36,FEMALE
14754,49,FEMALE
15157,20,MALE
14748,38,FEMALE
15154,26,FEMALE
14744,49,MALE
15152,39,MALE
14740,39,FEMALE
15150,43,FEMALE
14738,48,MALE
15149,25,MALE
14735,28,MALE
15144,19,MALE
14732,38,MALE
15143,44,FEMALE
14725,28,FEMALE
15142,37,MALE
14722,29,MALE
15140,38,MALE
14715,33,FEMALE
15135,27,MALE
14713,20,MALE
15134,29,FEMALE
14710,33,MALE
15133,26,FEMALE
14708,46,FEMALE
15129,43,MALE
14702,35,FEMALE
15128,48,MALE
14700,36,MALE
15127,33,FEMALE
14696,38,MALE
15125,24,FEMALE
14692,45,MALE
15124,47,FEMALE
14688,35,FEMALE
15123,36,FEMALE
14684,46,MALE
15122,24,MALE
14681,27,MALE
15117,25,MALE
14676,36,FEMALE
15114,29,FEMALE
14673,42,MALE
15111,47,MALE
14669,21,MALE
15110,26,MALE
14665,25,FEMALE
15109,33,FEMALE
14657,27,MALE
15107,41,FEMALE
14655,49,FEMALE
15105,45,MALE
14651,18,FEMALE
15101,28,MALE
14647,48,FEMALE
15100,21,MALE
14644,40,FEMALE
15097,26,MALE
14640,27,FEMALE
15095,27,MALE
14631,26,FEMALE
15093,43,MALE
14627,31,MALE
15092,42,FEMALE
14625,30,FEMALE
15091,27,FEMALE
14623,21,FEMALE
15081,32,FEMALE
14619,32,FEMALE
15079,27,FEMALE
14616,25,FEMALE
15078,25,MALE
14608,20,FEMALE
15076,19,MALE
14606,24,MALE
15074,37,MALE
14598,34,FEMALE
15073,47,MALE
14595,21,FEMALE
15071,42,FEMALE
14593,31,MALE
15068,26,FEMALE
14584,20,MALE
15067,27,FEMALE
14581,30,MALE
15065,50,FEMALE
14573,46,MALE
15062,35,MALE
14570,49,MALE
15061,31,FEMALE
14565,39,FEMALE
15059,32,FEMALE
14560,38,FEMALE
15058,32,MALE
14553,34,FEMALE
15057,47,FEMALE
14551,25,MALE
15051,47,MALE
14549,22,MALE
15050,18,MALE
14546,42,FEMALE
15048,38,MALE
14543,30,FEMALE
15046,44,FEMALE
14540,38,MALE
15044,32,FEMALE
14537,36,FEMALE
15043,30,FEMALE
14534,46,FEMALE
15042,36,MALE
14532,24,FEMALE
15041,32,FEMALE
14527,28,MALE
15039,36,FEMALE
14524,25,MALE
15038,28,FEMALE
14515,22,MALE
15034,50,MALE
14513,28,MALE
15032,46,FEMALE
14508,24,FEMALE
15031,32,FEMALE
14506,34,FEMALE
15030,33,FEMALE
14499,23,MALE
15028,40,FEMALE
14497,40,MALE
15027,27,FEMALE
14495,32,FEMALE
15026,34,FEMALE
14493,23,FEMALE
15025,38,MALE
14489,37,MALE
15024,36,MALE
14484,29,FEMALE
15023,22,MALE
14481,22,FEMALE
15022,26,MALE
14479,28,MALE
15021,26,MALE
14475,37,FEMALE
15018,23,MALE
14472,46,MALE
15016,28,MALE
14467,45,FEMALE
15012,49,MALE
14465,32,FEMALE
15006,46,FEMALE
14462,31,MALE
15005,40,MALE
14460,21,MALE
15002,41,FEMALE
14452,25,FEMALE
14998,40,MALE
14450,41,FEMALE
14997,28,MALE
14447,43,FEMALE
14988,49,MALE
14443,36,FEMALE
14987,44,MALE
14440,50,MALE
14984,48,FEMALE
14436,24,MALE
14981,33,FEMALE
14427,45,FEMALE
14978,27,MALE
14423,40,MALE
14975,34,FEMALE
14421,40,MALE
14972,33,FEMALE
14419,20,MALE
14970,38,MALE
14414,40,MALE
14968,29,FEMALE
14410,43,FEMALE
14967,39,FEMALE
14408,24,MALE
14966,18,MALE
14403,37,FEMALE
14963,21,MALE
14400,40,MALE
14962,20,FEMALE
14395,21,MALE
14961,33,FEMALE
14389,18,MALE
14958,36,MALE
14382,46,FEMALE
14957,27,MALE
14379,49,FEMALE
14954,31,MALE
14353,37,FEMALE
14953,27,FEMALE
14346,23,FEMALE
14952,39,MALE
14342,35,FEMALE
14947,20,MALE
14339,28,FEMALE
14944,41,FEMALE
14334,22,MALE
14929,28,FEMALE
14329,35,FEMALE
14924,24,FEMALE
14326,44,FEMALE
14920,34,MALE
14320,37,MALE
14918,41,FEMALE
14314,43,FEMALE
14916,28,MALE
14311,23,FEMALE
14915,29,MALE
14307,18,MALE
14913,46,MALE
14304,27,FEMALE
14908,48,FEMALE
14299,41,FEMALE
14907,34,MALE
14295,21,MALE
14905,30,MALE
14292,35,MALE
14904,36,MALE
14290,41,MALE
14902,29,MALE
14285,32,FEMALE
14901,32,MALE
14282,19,FEMALE
14898,48,MALE
14272,50,FEMALE
14897,41,FEMALE
14267,36,MALE
14896,28,FEMALE
14258,21,FEMALE
14895,42,MALE
14256,33,FEMALE
14894,42,FEMALE
14247,32,FEMALE
14893,21,MALE
14241,19,MALE
14891,50,FEMALE
14239,32,FEMALE
14890,23,MALE
14236,23,MALE
14885,24,MALE
14233,46,MALE
14882,31,MALE
14229,32,MALE
14878,38,MALE
14226,31,MALE
14875,19,MALE
14221,45,FEMALE
14873,28,MALE
14219,37,MALE
14871,46,FEMALE
14216,26,MALE
14870,27,MALE
14212,26,MALE
14869,39,FEMALE
14210,44,FEMALE
14868,30,MALE
14208,47,FEMALE
14867,45,MALE
14205,43,FEMALE
14866,45,FEMALE
14201,25,FEMALE
14865,39,FEMALE
14198,28,MALE
14861,38,FEMALE
14194,45,MALE
14857,29,FEMALE
14191,28,FEMALE
14855,31,MALE
14180,18,MALE
14854,31,FEMALE
14859,25,FEMALE
15793,18,FEMALE
16062,50,FEMALE
16193,41,FEMALE
16917,43,MALE
15939,31,FEMALE
16916,36,FEMALE
15645,23,MALE
16915,41,MALE
16134,46,FEMALE
16913,34,FEMALE
16005,47,FEMALE
16912,27,FEMALE
15858,34,FEMALE
16907,29,FEMALE
15717,37,MALE
16906,43,MALE
15579,48,FEMALE
16905,42,MALE
16163,41,MALE
16904,36,MALE
16104,30,MALE
16903,36,MALE
16033,18,MALE
16899,36,MALE
15976,49,MALE
16898,24,FEMALE
15889,48,MALE
16895,44,FEMALE
15822,21,FEMALE
16892,35,FEMALE
15754,36,FEMALE
16891,24,FEMALE
15678,31,FEMALE
16889,29,FEMALE
15611,27,FEMALE
16887,47,FEMALE
16208,25,FEMALE
16885,28,FEMALE
16180,25,MALE
16884,27,FEMALE
16147,35,MALE
16883,46,MALE
16120,33,MALE
16880,29,FEMALE
16086,19,FEMALE
16875,38,FEMALE
16048,20,FEMALE
16873,33,FEMALE
16014,39,MALE
16872,39,MALE
15987,44,MALE
16863,36,FEMALE
15957,50,MALE
16861,29,MALE
15912,45,FEMALE
16859,29,MALE
15869,26,MALE
16856,37,MALE
15845,19,MALE
16848,38,FEMALE
15807,42,FEMALE
16847,49,FEMALE
15773,46,FEMALE
16846,28,MALE
15730,28,MALE
16843,40,FEMALE
15696,20,FEMALE
16841,33,MALE
15661,26,MALE
16839,49,MALE
15630,44,MALE
16838,27,FEMALE
15599,24,FEMALE
16836,28,FEMALE
15561,43,FEMALE
16835,18,FEMALE
16203,37,MALE
16834,27,MALE
16186,26,MALE
16833,20,MALE
16174,31,MALE
16832,41,FEMALE
16153,46,FEMALE
16830,31,FEMALE
16141,45,FEMALE
16829,34,FEMALE
16126,21,MALE
16825,33,MALE
16110,49,MALE
16824,28,MALE
16098,33,FEMALE
16823,31,MALE
16080,31,FEMALE
16817,33,MALE
16054,22,FEMALE
16814,37,FEMALE
16040,41,FEMALE
16810,48,MALE
16019,38,FEMALE
16809,33,MALE
16010,39,MALE
16807,32,MALE
15994,39,MALE
16805,47,FEMALE
15983,50,MALE
16794,46,FEMALE
15969,48,FEMALE
16792,29,MALE
15950,34,MALE
16791,21,MALE
15919,27,MALE
16788,18,MALE
15901,23,MALE
16784,47,FEMALE
15882,40,FEMALE
16782,46,FEMALE
15863,25,MALE
16780,29,MALE
15854,20,FEMALE
16779,50,MALE
15834,46,MALE
16777,25,FEMALE
15811,50,FEMALE
16776,47,MALE
15799,43,MALE
16775,23,MALE
15782,44,FEMALE
16774,26,FEMALE
15764,45,FEMALE
16773,44,FEMALE
15747,45,MALE
16771,23,MALE
15724,30,MALE
16770,31,FEMALE
15712,18,MALE
16769,45,FEMALE
15689,42,MALE
16768,43,FEMALE
15673,37,MALE
16767,50,FEMALE
15652,41,FEMALE
16765,48,MALE
15638,18,MALE
16757,35,FEMALE
15623,45,FEMALE
16756,43,MALE
15605,20,FEMALE
16755,40,FEMALE
15590,33,FEMALE
16748,42,FEMALE
15571,43,FEMALE
16746,19,MALE
16210,32,MALE
16743,32,MALE
16205,41,MALE
16742,38,MALE
16200,46,FEMALE
16739,28,FEMALE
16190,42,MALE
16737,22,MALE
16183,40,FEMALE
16735,30,MALE
16177,23,FEMALE
16732,47,FEMALE
16170,36,MALE
16726,47,MALE
16159,48,FEMALE
16725,40,FEMALE
16149,46,MALE
16723,47,FEMALE
16145,39,MALE
16722,50,MALE
16136,35,FEMALE
16720,38,FEMALE
16131,34,FEMALE
16719,50,MALE
16122,47,MALE
16717,22,MALE
16117,40,MALE
16716,40,FEMALE
16108,35,MALE
16715,40,MALE
16101,25,FEMALE
16714,18,MALE
16094,24,FEMALE
16713,26,MALE
16083,26,MALE
16712,25,MALE
16072,46,MALE
16711,25,FEMALE
16059,26,MALE
16710,27,FEMALE
16050,38,MALE
16709,25,MALE
16043,23,FEMALE
16705,49,FEMALE
16036,31,FEMALE
16701,33,MALE
16027,26,FEMALE
16700,31,FEMALE
16017,44,FEMALE
16693,34,MALE
16012,20,MALE
16692,26,FEMALE
16007,40,MALE
16690,39,MALE
15998,42,FEMALE
16686,21,FEMALE
15990,38,MALE
16684,28,MALE
15985,42,MALE
16681,45,MALE
15980,18,FEMALE
16680,30,FEMALE
15971,21,FEMALE
16676,45,MALE
15965,42,MALE
16670,49,MALE
15953,25,FEMALE
16669,42,FEMALE
15944,40,MALE
16668,35,FEMALE
15921,28,FEMALE
16666,39,FEMALE
15917,40,FEMALE
16660,38,FEMALE
15906,46,FEMALE
16656,33,FEMALE
15898,18,FEMALE
16655,24,FEMALE
15886,19,MALE
16654,29,MALE
15872,25,FEMALE
16652,45,FEMALE
15865,35,MALE
16650,18,FEMALE
15861,22,FEMALE
16648,46,FEMALE
15856,26,FEMALE
16647,21,FEMALE
15850,42,FEMALE
16643,21,MALE
15838,43,MALE
16642,24,MALE
15826,46,MALE
16641,38,FEMALE
15814,30,MALE
16639,23,FEMALE
15809,29,FEMALE
16638,36,FEMALE
15803,49,MALE
16634,49,MALE
15796,24,FEMALE
16628,47,FEMALE
15786,28,MALE
16625,38,MALE
15775,35,MALE
16623,41,FEMALE
15768,48,FEMALE
16620,35,FEMALE
15757,37,MALE
16619,27,FEMALE
15750,27,MALE
16614,46,MALE
15734,22,FEMALE
16612,22,MALE
15728,30,MALE
16611,38,MALE
15720,27,MALE
16607,50,MALE
15714,30,FEMALE
16602,40,MALE
15708,30,MALE
16601,50,MALE
15694,44,FEMALE
16600,21,FEMALE
15681,20,FEMALE
16596,47,FEMALE
15675,39,FEMALE
16595,37,MALE
15665,19,FEMALE
16593,29,FEMALE
15659,41,MALE
16592,26,FEMALE
15649,19,FEMALE
16589,47,MALE
15640,49,MALE
16586,26,FEMALE
15636,27,MALE
16584,29,FEMALE
15626,35,MALE
16574,50,MALE
15620,39,FEMALE
16571,35,MALE
15607,31,FEMALE
16570,47,MALE
15602,22,MALE
16569,20,MALE
15597,34,MALE
16563,44,MALE
15584,45,MALE
16560,47,MALE
15573,42,FEMALE
16558,49,FEMALE
15569,24,MALE
16556,27,FEMALE
16211,47,FEMALE
16555,49,FEMALE
16209,45,MALE
16554,50,FEMALE
16206,21,FEMALE
16553,20,MALE
16204,27,FEMALE
16552,25,MALE
16201,25,FEMALE
16551,48,FEMALE
16198,24,FEMALE
16550,30,FEMALE
16191,49,MALE
16549,39,MALE
16188,30,FEMALE
16546,48,MALE
16185,47,MALE
16545,44,MALE
16182,33,MALE
16542,41,MALE
16178,39,MALE
16539,20,FEMALE
16175,27,MALE
16535,38,MALE
16172,26,FEMALE
16532,18,MALE
16168,40,MALE
16531,21,MALE
16161,49,FEMALE
16529,22,FEMALE
16156,32,FEMALE
16527,39,FEMALE
16150,37,MALE
16526,50,FEMALE
16148,19,MALE
16525,23,FEMALE
16146,31,FEMALE
16523,36,FEMALE
16143,34,FEMALE
16520,24,FEMALE
16140,29,MALE
16519,35,FEMALE
16135,35,FEMALE
16518,28,MALE
16133,28,MALE
16515,31,FEMALE
16128,46,FEMALE
16511,33,FEMALE
16124,40,MALE
16503,44,MALE
16121,23,FEMALE
16500,25,FEMALE
16119,45,FEMALE
16497,48,FEMALE
16115,35,FEMALE
16496,18,MALE
16109,50,FEMALE
16493,43,FEMALE
16105,30,MALE
16491,39,FEMALE
16103,44,MALE
16485,22,MALE
16099,34,FEMALE
16477,28,FEMALE
16096,26,FEMALE
16473,25,MALE
16092,31,MALE
16471,46,FEMALE
16085,29,FEMALE
16470,44,MALE
16081,50,FEMALE
16469,35,FEMALE
16078,32,MALE
16468,36,MALE
16071,38,FEMALE
16466,35,MALE
16061,19,FEMALE
16461,47,MALE
16057,26,MALE
16458,42,MALE
16053,30,MALE
16456,36,FEMALE
16049,32,MALE
16455,32,MALE
16045,19,FEMALE
16454,46,FEMALE
16042,26,MALE
16451,22,FEMALE
16037,40,MALE
16450,28,MALE
16034,31,FEMALE
16448,49,MALE
16029,22,MALE
16447,27,MALE
16024,36,FEMALE
16446,50,FEMALE
16018,25,MALE
16445,22,MALE
16016,18,FEMALE
16444,49,MALE
16013,45,MALE
16442,34,FEMALE
16011,30,MALE
16441,42,MALE
16008,33,FEMALE
16440,21,FEMALE
16006,37,FEMALE
16434,38,FEMALE
16003,31,FEMALE
16433,22,FEMALE
15996,49,FEMALE
16430,50,FEMALE
15992,50,MALE
16428,35,FEMALE
15988,42,FEMALE
16424,46,MALE
15986,33,MALE
16422,46,MALE
15984,48,MALE
16419,23,MALE
15981,43,FEMALE
16418,34,MALE
15978,45,MALE
16416,39,MALE
15973,38,FEMALE
16415,48,MALE
15970,30,MALE
16414,48,FEMALE
15967,19,MALE
16413,47,FEMALE
15958,26,MALE
16412,37,FEMALE
15955,34,MALE
16411,31,MALE
15951,22,MALE
16409,42,FEMALE
15948,39,MALE
16407,32,MALE
15940,26,MALE
16406,43,MALE
15938,26,FEMALE
16402,20,FEMALE
15920,40,FEMALE
16401,41,FEMALE
15918,28,MALE
16400,20,FEMALE
15916,34,MALE
16399,41,MALE
15910,30,MALE
16395,45,MALE
15903,45,MALE
16393,36,MALE
15900,28,MALE
16392,34,FEMALE
15894,38,FEMALE
16387,29,FEMALE
15888,21,MALE
16386,26,FEMALE
15885,47,FEMALE
16385,44,FEMALE
15874,32,FEMALE
16384,48,FEMALE
15870,34,MALE
16383,22,MALE
15867,30,MALE
16377,50,MALE
15864,18,MALE
16374,33,MALE
15862,31,MALE
16372,28,MALE
15860,21,MALE
16369,44,MALE
15857,26,FEMALE
16368,47,MALE
15855,20,FEMALE
16367,18,MALE
15852,33,FEMALE
16366,23,MALE
15847,50,MALE
16365,43,MALE
15841,25,MALE
16362,22,MALE
15837,28,FEMALE
16359,43,MALE
15827,47,FEMALE
16358,46,FEMALE
15823,24,FEMALE
16357,45,FEMALE
15819,29,FEMALE
16356,27,FEMALE
15812,19,MALE
16354,35,MALE
15810,44,FEMALE
16353,21,FEMALE
15808,25,FEMALE
16351,22,FEMALE
15805,36,MALE
16350,21,FEMALE
15800,31,MALE
16348,44,MALE
15797,34,MALE
16347,35,MALE
15795,22,FEMALE
16345,33,FEMALE
15791,23,FEMALE
16344,21,MALE
15785,34,FEMALE
16343,18,FEMALE
15777,26,FEMALE
16341,50,FEMALE
15774,22,MALE
16340,42,FEMALE
15769,45,MALE
16332,39,MALE
15766,49,FEMALE
16330,30,FEMALE
15759,35,MALE
16327,50,MALE
15755,36,MALE
16326,22,MALE
15752,19,MALE
16325,26,FEMALE
15748,38,FEMALE
16323,27,MALE
15738,45,FEMALE
16317,25,MALE
15732,43,MALE
16316,30,FEMALE
15729,29,MALE
16315,22,FEMALE
15727,44,MALE
16308,42,FEMALE
15722,33,FEMALE
16306,21,MALE
15719,35,MALE
16303,41,MALE
15716,37,MALE
16298,19,FEMALE
15713,21,FEMALE
16293,45,MALE
15709,41,FEMALE
16292,35,MALE
15704,50,FEMALE
16287,39,MALE
15695,50,FEMALE
16284,30,MALE
15691,27,FEMALE
16283,31,FEMALE
15683,42,FEMALE
16282,43,FEMALE
15680,41,MALE
16281,25,FEMALE
15677,34,MALE
16279,32,MALE
15674,28,MALE
16278,22,MALE
15670,32,MALE
16276,25,MALE
15664,24,FEMALE
16275,30,MALE
15660,40,FEMALE
16271,19,MALE
15658,40,MALE
16266,27,FEMALE
15651,31,MALE
16265,50,MALE
15646,43,FEMALE
16261,19,FEMALE
15641,38,FEMALE
16258,42,FEMALE
15639,48,FEMALE
16256,34,MALE
15637,38,MALE
16255,50,MALE
15634,27,MALE
16253,28,FEMALE
15628,43,FEMALE
16250,49,MALE
15625,34,FEMALE
16244,22,FEMALE
15622,39,MALE
16242,49,FEMALE
15615,19,FEMALE
16241,46,MALE
15608,31,FEMALE
16239,46,MALE
15606,44,MALE
16235,28,FEMALE
15603,21,FEMALE
16233,46,FEMALE
15601,44,MALE
16232,22,FEMALE
15598,28,MALE
16229,41,MALE
15596,49,MALE
16227,49,MALE
15587,19,FEMALE
16226,23,MALE
15581,28,FEMALE
16225,21,FEMALE
15574,44,MALE
16224,30,MALE
15572,33,MALE
16221,50,FEMALE
15570,32,FEMALE
16218,30,FEMALE
15563,38,FEMALE
16214,43,MALE
16212,46,MALE
16918,23,FEMALE
17158,19,FEMALE
17414,44,MALE
17567,19,MALE
18283,27,FEMALE
17289,21,MALE
18281,28,MALE
17019,42,FEMALE
18280,50,FEMALE
17490,45,MALE
18278,32,FEMALE
17359,24,FEMALE
18277,31,MALE
17222,31,MALE
18276,27,FEMALE
17080,28,MALE
18273,30,MALE
16940,34,MALE
18272,29,MALE
17526,31,FEMALE
18270,34,MALE
17442,48,FEMALE
18268,29,FEMALE
17383,40,MALE
18262,43,FEMALE
17330,39,FEMALE
18260,42,FEMALE
17245,23,FEMALE
18259,21,MALE
17191,31,MALE
18257,19,FEMALE
17111,26,FEMALE
18255,28,MALE
17046,40,MALE
18252,43,MALE
16985,23,FEMALE
18251,19,MALE
17582,40,FEMALE
18246,29,FEMALE
17548,25,MALE
18245,46,MALE
17511,27,MALE
18242,26,FEMALE
17463,36,MALE
18241,28,MALE
17428,44,FEMALE
18239,46,MALE
17400,37,MALE
18236,39,FEMALE
17372,22,MALE
18231,31,MALE
17348,24,MALE
18230,28,FEMALE
17311,32,FEMALE
18229,24,FEMALE
17268,34,FEMALE
18227,46,FEMALE
17235,24,MALE
18226,49,FEMALE
17211,47,MALE
18225,41,FEMALE
17176,25,FEMALE
18223,44,MALE
17138,23,FEMALE
18221,50,MALE
17092,35,FEMALE
18220,42,MALE
17063,50,FEMALE
18219,20,MALE
17034,19,MALE
18218,27,FEMALE
17001,44,MALE
18217,19,FEMALE
16955,28,MALE
18215,42,MALE
16923,27,MALE
18212,38,MALE
17578,40,MALE
18210,23,FEMALE
17555,44,FEMALE
18203,24,FEMALE
17536,26,FEMALE
18196,24,FEMALE
17515,41,MALE
18194,33,MALE
17499,42,MALE
18193,22,MALE
17470,47,FEMALE
18191,33,MALE
17454,40,MALE
18190,36,MALE
17433,26,MALE
18189,45,MALE
17420,44,MALE
18188,37,MALE
17408,41,MALE
18181,28,FEMALE
17389,46,FEMALE
18179,22,FEMALE
17376,38,MALE
18178,31,MALE
17364,36,MALE
18177,20,FEMALE
17353,36,MALE
18174,22,MALE
17340,31,FEMALE
18173,23,MALE
17321,49,FEMALE
18172,47,FEMALE
17299,30,MALE
18171,35,MALE
17284,32,MALE
18170,37,MALE
17256,21,FEMALE
18168,33,FEMALE
17239,24,MALE
18161,28,MALE
17228,28,FEMALE
18160,24,MALE
17218,19,FEMALE
18156,45,MALE
17201,34,FEMALE
18154,28,FEMALE
17187,35,FEMALE
18151,19,FEMALE
17165,47,MALE
18149,30,FEMALE
17147,35,MALE
18145,21,FEMALE
17126,43,MALE
18144,39,MALE
17101,49,FEMALE
18136,47,MALE
17084,50,FEMALE
18135,18,MALE
17070,26,MALE
18127,46,FEMALE
17050,21,FEMALE
18123,27,MALE
17041,28,MALE
18118,39,FEMALE
17027,42,MALE
18116,24,MALE
17007,35,MALE
18112,33,MALE
16990,20,MALE
18110,27,MALE
16979,30,FEMALE
18109,30,FEMALE
16948,35,FEMALE
18108,47,MALE
16933,40,MALE
18106,43,FEMALE
17585,21,MALE
18102,24,MALE
17580,44,FEMALE
18101,39,MALE
17572,44,MALE
18097,36,FEMALE
17560,34,MALE
18096,43,MALE
17552,49,FEMALE
18095,18,FEMALE
17542,25,MALE
18094,36,FEMALE
17531,22,FEMALE
18093,37,FEMALE
17519,38,MALE
18092,34,MALE
17513,45,FEMALE
18087,49,FEMALE
17505,34,MALE
18085,34,MALE
17492,49,MALE
18084,42,FEMALE
17480,39,FEMALE
18079,47,FEMALE
17468,42,MALE
18078,24,FEMALE
17458,40,FEMALE
18077,29,FEMALE
17449,18,MALE
18075,31,MALE
17438,48,MALE
18071,20,FEMALE
17430,34,FEMALE
18069,20,FEMALE
17423,31,MALE
18066,19,FEMALE
17418,42,MALE
18065,30,MALE
17411,25,MALE
18064,36,MALE
17403,23,FEMALE
18062,32,FEMALE
17396,26,FEMALE
18061,21,MALE
17386,26,FEMALE
18058,18,FEMALE
17381,28,FEMALE
18056,32,FEMALE
17374,38,FEMALE
18055,32,MALE
17368,40,FEMALE
18053,22,FEMALE
17361,25,FEMALE
18048,44,FEMALE
17356,20,MALE
18044,22,FEMALE
17350,41,MALE
18043,50,FEMALE
17345,34,FEMALE
18042,23,FEMALE
17338,46,FEMALE
18041,45,MALE
17324,23,FEMALE
18037,20,FEMALE
17315,30,FEMALE
18036,30,FEMALE
17306,29,MALE
18035,23,MALE
17293,25,FEMALE
18034,47,FEMALE
17287,46,FEMALE
18022,27,FEMALE
17278,22,MALE
18018,36,FEMALE
17262,36,FEMALE
18017,40,MALE
17254,21,FEMALE
18016,50,MALE
17243,28,MALE
18009,46,FEMALE
17237,28,FEMALE
18008,26,FEMALE
17231,45,FEMALE
18006,50,MALE
17226,31,FEMALE
18001,41,FEMALE
17220,35,MALE
17999,23,FEMALE
17213,37,FEMALE
17995,23,MALE
17204,26,FEMALE
17994,26,MALE
17194,50,FEMALE
17991,49,FEMALE
17189,45,MALE
17990,25,FEMALE
17180,31,MALE
17988,50,FEMALE
17171,29,MALE
17987,43,FEMALE
17160,43,FEMALE
17984,49,FEMALE
17155,46,MALE
17980,45,MALE
17142,38,FEMALE
17977,28,MALE
17134,19,FEMALE
17975,48,MALE
17122,31,FEMALE
17974,33,MALE
17109,27,FEMALE
17969,20,MALE
17095,40,MALE
17966,50,FEMALE
17090,27,FEMALE
17965,40,MALE
17082,32,MALE
17964,37,MALE
17075,28,MALE
17962,25,MALE
17068,32,FEMALE
17961,41,FEMALE
17059,29,FEMALE
17960,24,FEMALE
17048,26,MALE
17955,23,MALE
17044,29,MALE
17954,50,FEMALE
17038,26,MALE
17951,29,MALE
17031,21,FEMALE
17950,19,FEMALE
17025,21,MALE
17949,32,MALE
17017,36,FEMALE
17941,19,FEMALE
17004,46,FEMALE
17940,26,FEMALE
16996,23,FEMALE
17935,39,FEMALE
16987,46,FEMALE
17934,50,MALE
16983,46,MALE
17931,41,FEMALE
16961,50,MALE
17930,31,MALE
16952,26,MALE
17929,34,FEMALE
16945,33,MALE
17928,42,MALE
16936,46,FEMALE
17926,24,FEMALE
16931,32,MALE
17924,23,FEMALE
17588,32,FEMALE
17923,40,FEMALE
17584,35,MALE
17921,34,MALE
17581,20,FEMALE
17920,41,FEMALE
17579,50,MALE
17919,29,MALE
17576,28,FEMALE
17913,35,FEMALE
17571,34,FEMALE
17912,30,MALE
17561,24,FEMALE
17905,49,FEMALE
17556,42,MALE
17901,39,MALE
17553,32,MALE
17898,28,MALE
17550,32,MALE
17897,39,FEMALE
17545,36,FEMALE
17894,42,MALE
17540,43,MALE
17889,44,FEMALE
17534,49,FEMALE
17888,22,MALE
17530,44,FEMALE
17886,28,MALE
17521,38,FEMALE
17884,46,MALE
17516,39,MALE
17883,38,MALE
17514,34,FEMALE
17878,27,MALE
17512,21,MALE
17873,50,MALE
17510,31,FEMALE
17871,37,FEMALE
17504,26,MALE
17870,40,FEMALE
17495,41,MALE
17869,41,MALE
17491,22,MALE
17867,27,FEMALE
17483,49,MALE
17866,45,FEMALE
17472,20,MALE
17865,43,FEMALE
17469,41,MALE
17864,49,FEMALE
17464,44,FEMALE
17863,45,FEMALE
17460,47,MALE
17862,20,FEMALE
17457,21,FEMALE
17861,30,FEMALE
17450,40,MALE
17858,29,FEMALE
17448,49,FEMALE
17857,43,FEMALE
17440,26,MALE
17854,40,FEMALE
17436,32,MALE
17852,41,FEMALE
17432,42,FEMALE
17850,43,MALE
17429,39,FEMALE
17849,21,MALE
17426,43,MALE
17848,19,MALE
17422,33,MALE
17843,45,FEMALE
17419,23,MALE
17841,42,FEMALE
17416,45,FEMALE
17838,39,MALE
17412,19,FEMALE
17827,41,FEMALE
17409,40,FEMALE
17820,45,FEMALE
17406,36,FEMALE
17819,37,MALE
17402,31,FEMALE
17817,26,FEMALE
17397,36,FEMALE
17816,39,MALE
17392,50,FEMALE
17812,23,FEMALE
17388,25,FEMALE
17811,24,MALE
17384,36,FEMALE
17809,31,FEMALE
17382,31,MALE
17805,30,FEMALE
17377,43,MALE
17802,50,MALE
17375,23,FEMALE
17799,41,MALE
17373,43,MALE
17797,40,FEMALE
17371,33,FEMALE
17796,34,MALE
17365,33,FEMALE
17790,20,FEMALE
17362,25,FEMALE
17789,28,FEMALE
17360,18,MALE
17787,39,FEMALE
17358,40,FEMALE
17785,32,MALE
17354,30,MALE
17783,40,FEMALE
17351,34,MALE
17774,43,MALE
17349,35,MALE
17772,40,FEMALE
17346,50,FEMALE
17771,41,MALE
17341,35,MALE
17769,38,FEMALE
17339,43,MALE
17768,24,MALE
17334,22,FEMALE
17767,32,MALE
17325,47,FEMALE
17765,35,FEMALE
17323,29,FEMALE
17764,22,MALE
17320,29,MALE
17763,20,FEMALE
17314,24,FEMALE
17760,43,MALE
17309,31,MALE
17759,46,MALE
17301,40,FEMALE
17758,44,MALE
17298,25,FEMALE
17757,33,MALE
17290,22,MALE
17754,24,MALE
17288,31,FEMALE
17749,33,MALE
17286,21,FEMALE
17746,43,MALE
17282,33,FEMALE
17744,35,FEMALE
17274,23,MALE
17742,20,FEMALE
17266,31,MALE
17739,47,FEMALE
17259,34,MALE
17738,20,MALE
17255,47,MALE
17735,19,MALE
17248,25,FEMALE
17734,27,FEMALE
17244,23,FEMALE
17731,43,MALE
17242,20,MALE
17730,40,MALE
17238,40,MALE
17728,48,MALE
17236,20,MALE
17723,33,MALE
17233,26,MALE
17722,50,FEMALE
17230,49,MALE
17720,20,MALE
17227,38,MALE
17718,35,MALE
17223,28,FEMALE
17716,23,FEMALE
17221,41,MALE
17715,21,MALE
17219,34,FEMALE
17714,50,FEMALE
17217,35,MALE
17709,29,FEMALE
17212,37,FEMALE
17708,19,FEMALE
17205,33,MALE
17707,50,FEMALE
17203,43,MALE
17706,44,MALE
17198,44,MALE
17705,50,FEMALE
17193,34,MALE
17703,27,MALE
17190,20,FEMALE
17702,23,FEMALE
17188,25,MALE
17700,46,FEMALE
17181,29,FEMALE
17696,24,MALE
17179,45,MALE
17695,28,MALE
17172,25,FEMALE
17694,48,MALE
17169,45,FEMALE
17692,45,MALE
17163,32,FEMALE
17690,41,FEMALE
17159,46,FEMALE
17686,46,FEMALE
17157,30,FEMALE
17685,45,FEMALE
17152,41,FEMALE
17682,47,FEMALE
17146,22,MALE
17680,18,FEMALE
17139,45,MALE
17679,42,FEMALE
17135,47,FEMALE
17678,34,FEMALE
17133,38,FEMALE
17677,26,FEMALE
17123,33,FEMALE
17676,27,MALE
17115,45,FEMALE
17675,50,MALE
17110,36,FEMALE
17674,21,MALE
17107,21,FEMALE
17673,47,FEMALE
17096,37,FEMALE
17672,34,FEMALE
17094,25,MALE
17671,41,MALE
17091,21,FEMALE
17669,26,FEMALE
17085,19,MALE
17667,42,FEMALE
17083,30,MALE
17666,18,FEMALE
17081,39,FEMALE
17664,27,MALE
17076,27,MALE
17663,40,FEMALE
17071,25,FEMALE
17659,49,MALE
17069,43,FEMALE
17655,27,MALE
17065,47,MALE
17651,47,FEMALE
17062,28,MALE
17649,42,MALE
17051,37,FEMALE
17648,31,MALE
17049,25,FEMALE
17647,35,MALE
17047,42,MALE
17646,37,MALE
17045,39,FEMALE
17644,25,FEMALE
17043,21,FEMALE
17642,39,FEMALE
17040,41,MALE
17640,29,MALE
17035,29,MALE
17639,47,FEMALE
17033,31,FEMALE
17633,27,FEMALE
17029,44,MALE
17631,19,MALE
17026,36,MALE
17629,22,MALE
17022,21,MALE
17625,33,MALE
17018,38,FEMALE
17624,35,MALE
17011,18,FEMALE
17623,35,FEMALE
17006,20,FEMALE
17621,21,MALE
17002,38,FEMALE
17618,38,FEMALE
16998,35,MALE
17616,33,MALE
16992,45,FEMALE
17615,23,FEMALE
16988,47,FEMALE
17612,18,MALE
16986,43,FEMALE
17611,25,MALE
16984,48,FEMALE
17609,48,FEMALE
16980,27,MALE
17608,29,FEMALE
16978,30,MALE
16919,30,FEMALE
16960,36,FEMALE
17604,45,MALE
16954,36,FEMALE
17603,37,FEMALE
16950,27,FEMALE
17602,24,MALE
16947,28,MALE
17601,20,FEMALE
16943,19,MALE
17597,31,FEMALE
16938,45,MALE
17596,27,MALE
16934,19,MALE
17594,30,FEMALE
16932,30,MALE
17593,44,FEMALE
16928,38,MALE
17591,49,MALE
16921,33,FEMALE
17589,44,MALE
18287,35,FEMALE
13667,28,FEMALE
13175,30,MALE
13606,28,FEMALE
13910,48,FEMALE
13701,29,FEMALE
13909,25,MALE
13636,26,MALE
13908,43,FEMALE
13582,37,MALE
13563,49,MALE
13143,19,FEMALE
13907,22,MALE
13076,39,FEMALE
13906,27,FEMALE
13010,43,MALE
13560,23,MALE
12944,37,MALE
13559,49,FEMALE
14134,39,FEMALE
13558,19,MALE
13191,26,MALE
13905,40,FEMALE
13159,29,MALE
13556,47,FEMALE
13127,19,MALE
13904,40,FEMALE
14140,25,FEMALE
13554,29,FEMALE
13060,30,MALE
13553,19,FEMALE
13028,37,MALE
13903,43,MALE
12994,37,MALE
14065,33,MALE
12960,43,MALE
13550,35,MALE
12926,23,MALE
14133,44,FEMALE
12893,40,MALE
13899,39,FEMALE
13924,40,MALE
13547,38,MALE
12825,31,FEMALE
14063,40,MALE
13738,24,FEMALE
13545,46,MALE
13731,20,MALE
14132,35,MALE
14172,39,FEMALE
13543,36,MALE
14144,34,MALE
13542,50,MALE
13119,32,FEMALE
13541,49,FEMALE
13970,46,FEMALE
13540,38,FEMALE
13084,43,FEMALE
13896,20,MALE
13068,48,FEMALE
14061,22,FEMALE
13674,37,FEMALE
13537,39,MALE
13036,39,FEMALE
13536,35,MALE
14136,24,FEMALE
13535,34,MALE
13648,30,FEMALE
13894,39,MALE
12985,44,MALE
13533,39,FEMALE
12968,28,MALE
13532,32,FEMALE
12952,21,MALE
13893,29,MALE
13619,45,FEMALE
13530,38,MALE
12918,47,MALE
13529,45,FEMALE
12902,20,FEMALE
13528,19,FEMALE
12885,37,FEMALE
14131,35,MALE
13926,24,MALE
13525,19,FEMALE
13921,18,MALE
13524,35,MALE
12833,25,MALE
13891,18,FEMALE
13570,18,MALE
13522,27,MALE
13991,19,MALE
13521,18,FEMALE
13179,31,MALE
14059,32,MALE
13171,50,FEMALE
13518,35,FEMALE
13163,25,MALE
13517,27,FEMALE
13724,50,FEMALE
14058,21,MALE
13147,35,FEMALE
14160,37,MALE
13716,41,MALE
13887,18,MALE
13977,22,MALE
13886,22,FEMALE
13123,35,FEMALE
13885,40,MALE
13704,47,MALE
13511,45,FEMALE
13105,45,MALE
14056,39,FEMALE
14082,22,FEMALE
14170,36,MALE
13966,34,MALE
13882,49,FEMALE
13964,32,MALE
13507,26,MALE
13072,31,FEMALE
14054,45,MALE
13677,22,FEMALE
13504,28,FEMALE
13056,21,FEMALE
14158,22,FEMALE
13671,45,MALE
13879,24,FEMALE
13040,18,MALE
14169,26,FEMALE
14137,29,MALE
13499,28,FEMALE
13956,20,MALE
14155,38,FEMALE
14076,43,MALE
13496,22,FEMALE
13006,24,MALE
13876,41,MALE
12998,28,FEMALE
13494,49,FEMALE
13641,23,FEMALE
14050,30,MALE
12981,43,FEMALE
12608,24,FEMALE
12972,23,MALE
13874,21,FEMALE
12964,47,FEMALE
14125,40,MALE
14073,19,MALE
13872,29,FEMALE
12948,20,MALE
13486,50,FEMALE
13621,45,FEMALE
14124,44,FEMALE
12930,43,MALE
14122,29,FEMALE
12922,33,FEMALE
13483,36,MALE
12914,47,MALE
14046,28,FEMALE
12906,23,FEMALE
13868,18,MALE
12898,49,MALE
13480,33,FEMALE
12889,18,MALE
13867,46,MALE
12881,29,FEMALE
13478,30,MALE
13596,30,FEMALE
13866,46,MALE
12861,24,FEMALE
13865,26,MALE
13922,25,FEMALE
13475,50,FEMALE
12845,26,FEMALE
13864,36,MALE
13578,26,FEMALE
14121,33,MALE
13575,19,FEMALE
13472,46,FEMALE
13572,41,FEMALE
13471,38,MALE
12745,22,FEMALE
13470,42,MALE
13189,37,MALE
13469,49,MALE
13185,47,MALE
14120,22,MALE
13181,37,MALE
13467,20,FEMALE
13990,31,FEMALE
13861,28,FEMALE
13734,36,FEMALE
13465,29,MALE
13733,37,MALE
13860,34,FEMALE
13729,45,FEMALE
13463,27,MALE
13987,31,FEMALE
14043,45,MALE
13725,18,FEMALE
13858,50,MALE
13153,43,FEMALE
13460,22,FEMALE
13149,28,MALE
13459,48,MALE
13720,23,MALE
13857,18,FEMALE
13718,43,FEMALE
13457,28,MALE
13714,19,FEMALE
13456,21,MALE
13978,39,MALE
14041,46,MALE
13129,46,MALE
13454,47,FEMALE
13125,20,FEMALE
13855,32,FEMALE
13121,18,MALE
14119,31,FEMALE
14084,44,FEMALE
13853,29,FEMALE
13112,45,MALE
13852,21,MALE
13972,25,MALE
13449,31,MALE
13697,30,MALE
14118,39,MALE
13099,34,FEMALE
13447,45,MALE
13095,20,MALE
13446,26,FEMALE
13091,45,MALE
13445,43,MALE
13086,43,MALE
13444,22,MALE
13965,30,FEMALE
13443,26,MALE
13682,40,MALE
13442,36,FEMALE
13074,24,FEMALE
13850,35,FEMALE
14162,48,MALE
13440,41,FEMALE
13066,20,MALE
14117,24,MALE
13062,49,MALE
13438,39,MALE
13058,25,FEMALE
13437,24,MALE
13054,29,MALE
13436,32,MALE
13673,20,MALE
14116,34,FEMALE
14138,42,FEMALE
14036,36,MALE
13042,22,MALE
13433,23,FEMALE
13038,28,MALE
13432,49,MALE
13664,32,FEMALE
13845,46,FEMALE
13958,18,FEMALE
13430,19,FEMALE
13957,45,MALE
13429,45,MALE
13020,36,FEMALE
13844,25,FEMALE
13016,46,FEMALE
13843,47,FEMALE
14171,18,MALE
14115,50,FEMALE
13951,19,MALE
13841,47,FEMALE
13949,49,MALE
13424,35,FEMALE
13646,38,FEMALE
13423,27,MALE
12996,46,MALE
13422,42,FEMALE
13947,37,FEMALE
13840,25,MALE
13640,28,FEMALE
13420,35,MALE
12983,41,MALE
13419,19,MALE
12978,39,FEMALE
13839,43,FEMALE
13944,39,MALE
14034,37,MALE
13633,46,MALE
13416,25,FEMALE
12966,34,MALE
13415,20,FEMALE
12962,23,MALE
13837,46,MALE
12958,49,FEMALE
13413,24,MALE
12954,46,MALE
13412,29,FEMALE
12950,37,MALE
13411,47,FEMALE
12946,30,MALE
13836,19,MALE
13622,20,FEMALE
13409,37,MALE
13620,32,MALE
14033,33,MALE
12932,26,FEMALE
13407,33,FEMALE
13616,27,MALE
13406,36,FEMALE
13935,45,FEMALE
13834,42,MALE
13934,41,MALE
13404,21,MALE
13609,47,FEMALE
14168,38,MALE
12912,43,MALE
14153,22,MALE
13604,29,FEMALE
13401,21,MALE
12904,45,FEMALE
13400,50,FEMALE
12900,46,MALE
13399,39,MALE
12895,49,FEMALE
14174,33,MALE
14069,43,MALE
13830,33,FEMALE
12887,50,FEMALE
13396,38,MALE
12883,35,MALE
13829,46,FEMALE
12879,37,MALE
13828,38,FEMALE
14067,42,MALE
13393,20,FEMALE
12869,39,FEMALE
13392,26,FEMALE
13592,20,MALE
13391,33,FEMALE
12859,18,FEMALE
13390,42,MALE
12855,43,MALE
13389,45,MALE
13588,43,FEMALE
13827,27,MALE
13586,24,FEMALE
13387,38,FEMALE
13920,34,FEMALE
13386,39,MALE
13580,38,FEMALE
13385,26,FEMALE
12835,18,MALE
13826,37,MALE
13914,25,MALE
13383,35,FEMALE
12827,44,MALE
13825,43,FEMALE
13913,26,FEMALE
14029,36,FEMALE
12819,36,MALE
13380,33,FEMALE
13568,42,FEMALE
13379,42,FEMALE
14096,36,FEMALE
13378,28,MALE
13190,21,FEMALE
13377,29,FEMALE
13188,41,FEMALE
13376,50,FEMALE
13186,33,MALE
14028,24,MALE
13184,27,MALE
13374,46,FEMALE
13182,31,FEMALE
13822,32,MALE
13180,29,FEMALE
13372,24,MALE
13737,36,FEMALE
13371,34,MALE
13176,44,MALE
13370,44,FEMALE
14094,23,FEMALE
13369,46,FEMALE
13172,25,MALE
14027,38,FEMALE
13170,47,MALE
13367,35,FEMALE
13732,39,MALE
13366,30,MALE
13730,24,FEMALE
13820,32,MALE
13164,30,MALE
13364,49,MALE
14093,40,FEMALE
14026,44,FEMALE
13160,38,FEMALE
13818,48,FEMALE
13726,37,MALE
13361,34,FEMALE
13156,22,FEMALE
13360,24,MALE
13986,41,FEMALE
13808,25,MALE
13152,46,FEMALE
13358,39,MALE
13150,32,MALE
13807,26,FEMALE
14091,50,MALE
13356,25,MALE
13146,45,MALE
13355,28,MALE
14090,40,FEMALE
13354,50,FEMALE
13142,20,FEMALE
13353,24,MALE
14089,23,FEMALE
13352,34,FEMALE
13981,18,MALE
13351,19,MALE
13713,33,MALE
13350,20,MALE
14143,50,MALE
13349,49,MALE
13132,44,FEMALE
13348,43,MALE
13130,40,MALE
13347,31,MALE
13128,34,FEMALE
13346,36,FEMALE
13708,50,MALE
13345,25,FEMALE
14086,49,FEMALE
13344,37,FEMALE
13122,46,FEMALE
13343,37,FEMALE
13120,21,FEMALE
13342,24,FEMALE
14142,47,MALE
13341,24,MALE
13116,20,FEMALE
13806,28,MALE
13973,29,MALE
13339,37,FEMALE
13702,18,MALE
13805,50,MALE
13108,44,FEMALE
13337,29,MALE
14141,40,MALE
13336,42,MALE
13698,39,MALE
13335,30,MALE
13696,49,FEMALE
14025,36,FEMALE
13100,35,FEMALE
13333,18,FEMALE
13098,46,FEMALE
13332,28,MALE
13096,19,FEMALE
13331,45,MALE
13968,39,FEMALE
14111,29,FEMALE
13691,37,MALE
14023,43,FEMALE
13690,50,FEMALE
13328,24,MALE
13088,24,MALE
13801,30,FEMALE
13688,31,FEMALE
13326,38,MALE
13687,49,FEMALE
13325,39,FEMALE
13685,27,FEMALE
14151,38,MALE
13683,18,FEMALE
13323,30,MALE
13681,48,MALE
13322,31,MALE
13075,23,MALE
13321,32,MALE
13073,24,MALE
14109,43,MALE
13071,31,MALE
14108,24,MALE
13679,30,MALE
13318,22,MALE
13678,34,FEMALE
13797,30,FEMALE
13065,26,FEMALE
13796,40,FEMALE
13063,27,FEMALE
13315,47,MALE
13061,47,FEMALE
13314,22,MALE
13676,28,MALE
13795,28,FEMALE
13057,44,FEMALE
13312,39,MALE
13675,20,MALE
13311,48,MALE
13053,47,FEMALE
13794,25,MALE
13051,30,FEMALE
13793,47,MALE
13672,26,MALE
14019,21,FEMALE
13670,42,FEMALE
13791,31,MALE
13961,48,MALE
13306,28,FEMALE
13043,35,FEMALE
13790,34,FEMALE
13041,24,FEMALE
13304,27,MALE
13039,44,FEMALE
13303,22,MALE
13960,23,MALE
13789,42,FEMALE
13665,47,MALE
13301,22,MALE
13033,31,FEMALE
13788,31,MALE
13031,35,FEMALE
14018,27,MALE
13661,44,FEMALE
13298,23,FEMALE
13660,43,FEMALE
13786,44,MALE
13024,19,MALE
13785,31,FEMALE
13657,46,MALE
13295,19,FEMALE
13019,44,FEMALE
14017,21,MALE
13017,38,MALE
13293,18,FEMALE
13954,49,MALE
13783,23,MALE
13653,33,MALE
14015,19,FEMALE
13011,42,MALE
13290,22,FEMALE
13009,44,MALE
13288,36,FEMALE
13007,30,MALE
13287,22,MALE
13950,37,MALE
13286,19,FEMALE
13003,34,MALE
14150,22,FEMALE
13948,29,MALE
13284,23,MALE
12999,19,FEMALE
14149,33,MALE
13645,43,FEMALE
13779,39,FEMALE
12995,26,FEMALE
13281,19,MALE
13644,44,MALE
14012,47,MALE
14074,18,MALE
13279,26,MALE
12988,36,FEMALE
14011,43,MALE
12986,22,MALE
13776,18,MALE
12984,21,FEMALE
13775,34,FEMALE
13945,29,MALE
13275,40,MALE
13638,49,FEMALE
13274,47,FEMALE
13637,48,FEMALE
13273,50,FEMALE
12975,36,MALE
13272,45,MALE
12973,30,MALE
13271,19,FEMALE
13943,19,FEMALE
13270,35,FEMALE
12969,24,MALE
13774,35,MALE
13942,38,FEMALE
13268,20,FEMALE
12965,46,FEMALE
13773,39,MALE
13631,43,FEMALE
14010,30,FEMALE
12961,21,FEMALE
13265,48,MALE
12959,27,MALE
13264,46,MALE
13630,18,FEMALE
14166,18,MALE
12955,27,MALE
13770,21,FEMALE
13628,22,MALE
13261,43,MALE
13940,31,MALE
13260,41,FEMALE
14072,38,FEMALE
14008,28,FEMALE
13625,50,MALE
13768,41,FEMALE
13624,41,MALE
13257,40,FEMALE
13938,39,FEMALE
13256,28,MALE
12940,48,MALE
14007,20,MALE
12938,42,FEMALE
13254,22,MALE
12936,30,MALE
13766,39,MALE
13618,46,FEMALE
13252,32,FEMALE
14071,25,MALE
13251,33,FEMALE
12929,21,FEMALE
13250,47,MALE
12927,25,MALE
13765,32,FEMALE
14070,37,MALE
13248,35,MALE
13613,32,FEMALE
13247,44,MALE
13612,31,FEMALE
14103,30,MALE
12919,25,MALE
14005,33,FEMALE
13933,26,FEMALE
13244,30,FEMALE
13608,36,MALE
14102,38,MALE
13932,26,MALE
14002,23,FEMALE
12911,50,FEMALE
13241,29,MALE
13605,29,FEMALE
14165,49,FEMALE
12907,49,MALE
13759,31,MALE
12905,41,FEMALE
14100,24,FEMALE
12903,21,MALE
13237,24,MALE
12901,26,MALE
13236,18,MALE
12899,47,MALE
13235,41,MALE
13603,46,MALE
13234,33,MALE
12894,29,MALE
13757,30,FEMALE
12892,21,MALE
13232,30,FEMALE
13930,21,MALE
13231,46,MALE
12888,46,FEMALE
14164,47,MALE
12886,26,FEMALE
13229,30,FEMALE
12884,50,FEMALE
13228,43,MALE
12882,45,MALE
13227,45,FEMALE
12880,24,FEMALE
13755,37,MALE
12878,33,MALE
13998,22,FEMALE
13928,29,MALE
13224,31,FEMALE
13597,27,MALE
13997,39,FEMALE
12870,48,FEMALE
13222,27,MALE
13595,20,FEMALE
13221,18,MALE
13925,26,MALE
13996,28,FEMALE
12862,23,FEMALE
13219,29,MALE
12860,36,FEMALE
13218,44,MALE
12858,20,FEMALE
13751,40,FEMALE
12856,41,FEMALE
13216,43,FEMALE
13923,28,FEMALE
13215,43,MALE
12852,34,FEMALE
13214,33,MALE
12850,25,FEMALE
14098,31,FEMALE
12848,26,MALE
13212,30,FEMALE
12846,43,FEMALE
13749,28,MALE
13585,25,MALE
13210,42,FEMALE
13918,43,FEMALE
13994,25,FEMALE
13917,39,MALE
13747,39,MALE
13916,25,MALE
13746,23,FEMALE
13915,49,FEMALE
13206,29,MALE
12834,28,MALE
13205,46,MALE
12832,25,MALE
14097,40,MALE
12830,35,MALE
13202,47,FEMALE
12828,29,MALE
13201,46,FEMALE
13574,22,MALE
13200,41,FEMALE
12824,23,FEMALE
13744,28,FEMALE
12822,23,FEMALE
13743,40,FEMALE
13912,33,MALE
13197,44,FEMALE
12777,38,FEMALE
13742,50,MALE
14066,37,FEMALE
13195,46,FEMALE
12746,30,MALE
13741,29,MALE
13567,20,FEMALE
13193,38,MALE
13490,23,MALE
13489,41,MALE
15294,27,MALE
15455,34,FEMALE
15273,30,MALE
15258,40,MALE
15308,34,FEMALE
15542,25,MALE
14974,23,FEMALE
15420,22,FEMALE
14899,21,FEMALE
15419,44,MALE
15320,33,MALE
15418,32,MALE
14407,18,FEMALE
15417,31,MALE
14992,29,FEMALE
14892,34,FEMALE
14274,48,FEMALE
15526,20,FEMALE
15427,30,MALE
15415,39,MALE
15072,41,MALE
14889,25,MALE
14490,22,MALE
14888,24,MALE
14457,35,MALE
14887,44,FEMALE
15444,41,MALE
14886,45,FEMALE
14391,28,FEMALE
15250,46,MALE
14358,35,FEMALE
14884,39,FEMALE
14323,21,MALE
14883,34,MALE
14965,35,MALE
15414,38,MALE
15274,28,FEMALE
14881,46,FEMALE
14225,43,FEMALE
14880,49,MALE
14903,35,FEMALE
14879,23,MALE
15336,35,MALE
15248,44,MALE
15070,33,FEMALE
14877,25,FEMALE
15328,20,MALE
14876,46,MALE
15052,22,FEMALE
15413,24,MALE
15316,35,FEMALE
14874,40,MALE
15449,22,MALE
15412,30,MALE
15305,35,FEMALE
14872,19,FEMALE
15505,34,MALE
15411,49,FEMALE
14399,27,MALE
15492,33,MALE
14383,21,FEMALE
15409,35,MALE
14366,24,MALE
15242,25,FEMALE
14996,44,FEMALE
15408,45,MALE
14331,23,MALE
15407,46,MALE
14982,23,MALE
15239,18,FEMALE
15285,44,MALE
14863,34,MALE
14283,20,FEMALE
14862,35,FEMALE
14266,50,MALE
15238,38,MALE
14249,25,FEMALE
14860,22,FEMALE
14941,49,FEMALE
15557,47,MALE
14921,43,MALE
14858,50,FEMALE
15425,32,MALE
15237,31,MALE
14185,32,FEMALE
14856,24,MALE
15338,24,FEMALE
15236,34,FEMALE
14526,19,FEMALE
15491,25,MALE
14518,31,FEMALE
15234,23,MALE
14510,42,FEMALE
15233,42,FEMALE
14502,35,MALE
15232,21,FEMALE
15453,23,MALE
15231,33,FEMALE
14486,45,FEMALE
15230,29,FEMALE
14478,25,MALE
14848,32,MALE
15319,36,MALE
15229,34,FEMALE
15450,24,MALE
14846,29,FEMALE
14453,45,FEMALE
14845,25,MALE
14445,28,MALE
15490,48,FEMALE
14435,48,MALE
14843,26,FEMALE
15446,25,MALE
14842,28,MALE
15017,33,FEMALE
15404,39,FEMALE
14411,46,MALE
15226,28,MALE
15009,50,FEMALE
14839,44,FEMALE
15441,31,MALE
14838,29,MALE
14387,36,MALE
15225,21,MALE
14999,45,MALE
14836,50,MALE
14370,43,MALE
14835,29,MALE
14362,43,MALE
15224,30,MALE
14354,22,MALE
14833,50,MALE
14345,37,MALE
14832,30,FEMALE
14336,36,FEMALE
14831,20,FEMALE
14986,47,MALE
14830,39,FEMALE
14319,39,MALE
15403,43,MALE
14976,20,FEMALE
15541,43,FEMALE
14303,27,FEMALE
14827,36,FEMALE
15284,18,FEMALE
14826,47,FEMALE
14287,35,FEMALE
15221,38,MALE
14279,47,FEMALE
15220,34,FEMALE
14270,30,MALE
14823,35,MALE
14261,41,MALE
14822,35,FEMALE
14253,49,MALE
14821,19,FEMALE
14245,32,FEMALE
15401,18,FEMALE
14237,44,FEMALE
15554,46,FEMALE
15430,27,MALE
15217,39,FEMALE
15429,38,MALE
15399,22,MALE
14213,23,FEMALE
14816,38,MALE
14910,40,FEMALE
14815,30,MALE
14197,26,FEMALE
14814,25,MALE
15259,36,FEMALE
14813,44,FEMALE
14181,28,MALE
14812,36,MALE
14536,25,FEMALE
14811,36,MALE
15077,26,MALE
15398,39,MALE
14528,34,MALE
14809,31,MALE
15334,46,MALE
14808,41,FEMALE
14520,29,FEMALE
14807,31,FEMALE
14516,46,FEMALE
15214,26,MALE
15331,29,MALE
15213,48,MALE
15330,38,FEMALE
14804,23,MALE
14504,31,MALE
14803,47,FEMALE
14500,35,MALE
14802,29,MALE
15060,46,FEMALE
14801,33,FEMALE
14492,31,MALE
15397,48,FEMALE
14488,27,MALE
14799,46,FEMALE
15053,50,MALE
15487,26,MALE
15509,19,MALE
14797,21,MALE
14476,18,FEMALE
15395,31,MALE
15045,47,MALE
14795,33,MALE
15318,36,MALE
15486,18,FEMALE
15040,21,FEMALE
15207,45,FEMALE
15036,40,FEMALE
14792,27,MALE
14455,42,FEMALE
14791,40,FEMALE
15313,37,FEMALE
15206,49,FEMALE
15508,45,MALE
14789,43,MALE
15029,41,FEMALE
15205,29,MALE
15307,38,FEMALE
14787,35,FEMALE
14433,36,FEMALE
14786,45,FEMALE
14429,49,FEMALE
14785,50,MALE
14425,33,MALE
15539,34,MALE
15019,47,MALE
14783,36,MALE
14417,37,FEMALE
14782,33,MALE
14413,42,MALE
14781,39,FEMALE
15442,25,MALE
14780,40,FEMALE
14405,45,FEMALE
14779,40,MALE
15008,39,MALE
14778,27,MALE
14397,35,FEMALE
15202,41,MALE
14393,42,FEMALE
15522,41,FEMALE
15003,35,MALE
15200,25,FEMALE
14385,27,FEMALE
14774,28,MALE
15000,50,FEMALE
14773,20,FEMALE
14377,29,MALE
14772,48,MALE
14372,27,MALE
14771,39,MALE
14368,34,FEMALE
15391,37,FEMALE
14364,34,MALE
15538,22,MALE
14360,50,FEMALE
14768,23,FEMALE
14356,18,MALE
14767,41,FEMALE
14352,35,FEMALE
15387,20,FEMALE
14348,18,MALE
14765,18,MALE
14343,48,FEMALE
14764,43,MALE
14991,37,FEMALE
15196,48,FEMALE
14333,45,MALE
15195,44,FEMALE
15440,41,FEMALE
14760,23,FEMALE
14325,48,FEMALE
14759,35,MALE
15439,50,MALE
15386,44,MALE
14317,20,MALE
14757,39,FEMALE
14313,47,MALE
15193,39,MALE
15436,27,FEMALE
15520,32,MALE
14305,27,FEMALE
15191,25,FEMALE
14971,21,MALE
15190,40,MALE
14297,34,MALE
14752,34,FEMALE
15283,49,FEMALE
14751,34,MALE
14289,25,FEMALE
14749,44,FEMALE
15556,22,MALE
15519,28,FEMALE
14281,30,MALE
14747,40,FEMALE
14959,20,FEMALE
14746,20,FEMALE
15278,27,MALE
15187,50,MALE
14268,20,MALE
15383,22,MALE
14263,35,MALE
14743,47,FEMALE
14259,21,FEMALE
14742,20,MALE
14255,43,FEMALE
15185,50,FEMALE
14251,21,MALE
15477,32,FEMALE
14949,40,FEMALE
15183,20,FEMALE
14948,43,FEMALE
15476,48,FEMALE
14945,44,MALE
15475,28,MALE
14942,32,MALE
14736,29,FEMALE
14940,44,MALE
15180,22,MALE
14928,19,FEMALE
14734,18,FEMALE
14223,46,FEMALE
15474,42,MALE
14922,32,FEMALE
15178,32,MALE
14919,35,MALE
14731,46,FEMALE
14917,47,MALE
14730,21,MALE
14207,20,MALE
14729,29,MALE
14203,37,FEMALE
14728,40,FEMALE
15263,24,FEMALE
15177,34,MALE
15528,31,FEMALE
14726,25,MALE
15495,45,FEMALE
15176,47,FEMALE
14187,50,FEMALE
14724,44,FEMALE
14183,34,MALE
15175,41,MALE
14179,46,FEMALE
15378,32,FEMALE
15510,27,FEMALE
14721,23,FEMALE
15080,35,FEMALE
14720,44,MALE
15337,37,MALE
14719,50,FEMALE
14531,40,MALE
14718,27,FEMALE
14529,47,MALE
15173,33,FEMALE
15075,49,FEMALE
15172,18,FEMALE
15335,22,MALE
15171,45,FEMALE
14523,38,MALE
15170,24,MALE
14521,36,FEMALE
15169,40,MALE
14519,26,FEMALE
14711,24,MALE
14517,29,MALE
15168,32,FEMALE
15333,41,FEMALE
15377,46,MALE
15069,37,MALE
15166,20,MALE
14511,41,FEMALE
14707,19,MALE
14509,35,FEMALE
14706,50,MALE
15066,42,MALE
14705,48,MALE
15064,27,MALE
15165,24,FEMALE
14503,34,MALE
14703,45,MALE
14501,41,FEMALE
15376,34,MALE
15063,24,MALE
15163,19,MALE
15327,18,FEMALE
15161,43,FEMALE
15454,35,MALE
15160,43,MALE
15324,20,FEMALE
14698,28,MALE
15056,30,MALE
14697,44,MALE
15055,23,FEMALE
15375,44,FEMALE
15054,19,MALE
14695,18,FEMALE
14485,24,MALE
14694,44,FEMALE
14483,27,FEMALE
15537,40,MALE
15323,27,MALE
15472,35,MALE
15049,33,MALE
14691,43,FEMALE
15451,38,MALE
15156,46,FEMALE
15047,35,FEMALE
14689,29,MALE
14473,48,FEMALE
15155,21,MALE
14471,43,MALE
15517,32,MALE
14469,40,MALE
14686,47,MALE
15317,36,MALE
14685,25,MALE
14464,50,FEMALE
15153,25,FEMALE
15315,32,FEMALE
14683,18,FEMALE
15037,37,FEMALE
15371,50,FEMALE
14458,41,MALE
15151,25,FEMALE
14456,26,MALE
15470,23,FEMALE
14454,48,FEMALE
14679,41,MALE
15035,23,MALE
14678,20,FEMALE
15033,32,FEMALE
14677,20,FEMALE
14448,39,FEMALE
15516,18,MALE
15310,35,FEMALE
15148,34,MALE
14444,36,FEMALE
14674,43,FEMALE
15309,44,MALE
15147,19,FEMALE
14438,33,MALE
15146,47,MALE
15507,29,MALE
14671,41,FEMALE
14434,33,MALE
14670,41,FEMALE
14432,47,FEMALE
15145,46,MALE
14430,49,FEMALE
14668,21,FEMALE
14428,34,MALE
15515,22,FEMALE
15553,42,FEMALE
14666,24,MALE
14424,26,FEMALE
15467,29,FEMALE
15020,42,FEMALE
14664,37,FEMALE
15300,35,MALE
14663,18,FEMALE
14418,47,MALE
15536,42,FEMALE
14416,29,MALE
14661,33,FEMALE
15015,44,FEMALE
14660,21,MALE
15014,34,FEMALE
14659,26,FEMALE
15013,19,FEMALE
14658,23,FEMALE
15011,48,MALE
15141,33,FEMALE
14406,25,FEMALE
15546,47,MALE
15010,47,FEMALE
15139,26,FEMALE
14402,24,FEMALE
15138,29,MALE
15007,23,FEMALE
14652,19,FEMALE
14398,41,MALE
15137,22,FEMALE
15297,20,MALE
14650,19,FEMALE
14394,21,MALE
15136,30,MALE
14392,46,FEMALE
14648,33,FEMALE
15004,49,MALE
15364,31,MALE
15295,37,MALE
15464,37,FEMALE
14386,47,MALE
15362,18,FEMALE
14384,38,MALE
15132,34,FEMALE
15001,50,MALE
14642,33,MALE
14380,36,MALE
14641,30,FEMALE
14378,42,FEMALE
15131,26,MALE
14376,40,FEMALE
15130,31,MALE
14374,20,FEMALE
14638,43,MALE
14371,37,MALE
14637,46,MALE
14369,34,MALE
14636,41,FEMALE
14367,31,MALE
14635,27,MALE
14365,25,FEMALE
14634,31,FEMALE
14363,19,FEMALE
14633,41,FEMALE
14361,23,FEMALE
14632,48,MALE
14359,34,FEMALE
15361,46,FEMALE
14357,21,FEMALE
14630,28,FEMALE
14355,21,MALE
14629,40,MALE
15293,23,MALE
15360,31,MALE
14351,41,FEMALE
15359,20,MALE
14349,20,MALE
15126,38,FEMALE
14995,25,MALE
15463,38,FEMALE
14994,45,MALE
15533,50,MALE
14993,42,MALE
15355,44,FEMALE
14340,46,FEMALE
14622,18,FEMALE
14990,21,MALE
15354,36,FEMALE
14989,18,FEMALE
14620,49,MALE
15292,34,MALE
15121,43,MALE
14330,36,FEMALE
15120,31,FEMALE
14328,24,FEMALE
14617,43,FEMALE
14985,50,FEMALE
15119,28,MALE
14324,44,FEMALE
14615,44,FEMALE
14322,44,FEMALE
14614,30,MALE
14983,38,MALE
14613,24,MALE
14318,49,MALE
14612,22,FEMALE
14316,50,FEMALE
14611,32,MALE
15438,27,FEMALE
14610,21,MALE
15531,26,MALE
15118,38,FEMALE
14310,21,FEMALE
15461,38,FEMALE
14308,30,MALE
15116,26,MALE
14973,23,FEMALE
15115,19,FEMALE
15286,30,MALE
14605,27,FEMALE
14302,20,MALE
14604,30,MALE
14300,41,FEMALE
14603,28,FEMALE
14969,29,MALE
14602,30,FEMALE
14296,20,MALE
14601,45,MALE
14294,41,FEMALE
15352,38,FEMALE
15282,39,MALE
14599,36,MALE
14964,31,FEMALE
15113,50,MALE
14288,32,FEMALE
15112,29,MALE
15435,27,MALE
14596,26,MALE
15279,34,MALE
15459,47,FEMALE
14960,50,MALE
15350,45,FEMALE
14280,37,MALE
15349,26,FEMALE
14278,22,MALE
14592,19,MALE
14275,31,MALE
14591,18,MALE
14273,21,MALE
14590,27,MALE
15433,26,FEMALE
14589,25,FEMALE
14269,36,MALE
14588,41,FEMALE
14956,24,FEMALE
14587,26,FEMALE
15501,43,FEMALE
14586,32,FEMALE
14262,39,FEMALE
15348,24,MALE
14260,18,FEMALE
15106,38,FEMALE
15275,32,FEMALE
15347,23,MALE
14951,33,FEMALE
14582,30,MALE
14254,41,FEMALE
15104,23,FEMALE
14252,24,MALE
14580,27,FEMALE
14250,25,FEMALE
14579,47,MALE
14950,44,FEMALE
14578,33,FEMALE
14246,37,FEMALE
15103,22,FEMALE
14244,27,FEMALE
14576,28,MALE
14242,22,MALE
14575,20,FEMALE
14946,39,MALE
15102,36,FEMALE
15431,42,MALE
15511,48,FEMALE
14943,29,FEMALE
14571,33,FEMALE
14234,39,FEMALE
15345,23,FEMALE
14232,21,MALE
15099,32,MALE
14230,36,FEMALE
14567,48,MALE
14228,39,FEMALE
15098,19,FEMALE
14927,24,FEMALE
14563,42,MALE
14926,22,MALE
15344,27,MALE
14222,47,FEMALE
14561,29,FEMALE
14923,36,MALE
15096,32,MALE
14218,29,MALE
14559,43,FEMALE
15500,39,MALE
14558,22,MALE
14214,33,FEMALE
14557,50,MALE
15268,42,FEMALE
14556,23,MALE
15267,29,MALE
15343,47,FEMALE
14914,32,MALE
14554,23,MALE
15548,26,MALE
15094,26,FEMALE
14909,20,MALE
15342,26,FEMALE
14202,47,FEMALE
15457,38,FEMALE
14200,33,MALE
15340,33,MALE
14906,24,MALE
15090,43,MALE
14196,41,FEMALE
15089,37,MALE
15496,31,MALE
14547,41,MALE
14192,22,FEMALE
15088,48,MALE
14190,31,MALE
14545,48,FEMALE
14188,46,MALE
15087,30,MALE
14186,37,FEMALE
15086,49,MALE
14184,48,MALE
14542,27,FEMALE
14182,37,MALE
15084,22,FEMALE
14900,34,FEMALE
15083,30,FEMALE
14178,47,MALE
14539,23,FEMALE
15082,36,FEMALE
16379,35,MALE
15890,47,MALE
16646,23,MALE
16633,39,MALE
15825,24,MALE
16632,44,MALE
16803,24,MALE
16631,38,FEMALE
15564,24,FEMALE
16630,40,FEMALE
16425,25,MALE
16629,49,FEMALE
15792,24,MALE
16789,23,FEMALE
16671,34,FEMALE
16274,45,MALE
16336,37,MALE
16273,42,FEMALE
16902,41,MALE
16272,47,MALE
16827,47,MALE
16627,18,FEMALE
16436,42,FEMALE
16269,45,MALE
15842,18,MALE
16268,25,FEMALE
16813,39,MALE
16267,27,FEMALE
15776,37,MALE
16626,21,FEMALE
15743,27,MALE
16890,50,FEMALE
15711,30,FEMALE
16264,37,MALE
16802,42,MALE
16263,48,MALE
16328,30,MALE
16262,50,FEMALE
15612,26,MALE
16624,38,MALE
15580,32,FEMALE
16260,21,FEMALE
15914,27,FEMALE
16259,23,MALE
16871,36,FEMALE
16787,44,MALE
16437,40,FEMALE
16257,25,FEMALE
15866,26,MALE
16622,39,MALE
16702,41,FEMALE
16621,49,FEMALE
16697,48,MALE
16254,25,MALE
15817,33,MALE
16786,35,MALE
15801,39,FEMALE
16252,38,FEMALE
15784,18,MALE
16251,41,FEMALE
16382,47,FEMALE
16785,47,FEMALE
15751,18,MALE
16249,32,FEMALE
15735,46,MALE
16248,33,FEMALE
16361,44,FEMALE
16247,48,MALE
15703,29,FEMALE
16246,29,FEMALE
15686,18,FEMALE
16245,33,FEMALE
15669,41,FEMALE
16618,43,MALE
15653,44,MALE
16243,42,MALE
16322,23,MALE
16617,46,MALE
16312,24,MALE
16616,39,MALE
15604,32,FEMALE
16240,50,FEMALE
15588,32,FEMALE
16615,18,MALE
16289,25,MALE
16238,34,FEMALE
16453,49,MALE
16237,47,FEMALE
16449,50,FEMALE
16236,45,MALE
15902,40,MALE
16860,42,MALE
16443,49,FEMALE
15558,43,MALE
16820,46,FEMALE
16613,35,MALE
15878,47,FEMALE
16783,25,FEMALE
16819,32,MALE
16231,22,MALE
16706,27,MALE
16230,26,FEMALE
16421,21,MALE
16900,20,MALE
15846,43,FEMALE
16228,36,MALE
16699,21,MALE
16610,20,MALE
15829,18,FEMALE
16609,33,FEMALE
15821,43,MALE
16608,31,MALE
15813,31,MALE
16781,19,MALE
16687,50,FEMALE
16223,42,FEMALE
16812,23,FEMALE
16222,24,FEMALE
15788,21,MALE
16606,35,MALE
15780,30,FEMALE
16219,47,MALE
15772,45,MALE
16604,35,MALE
16380,21,MALE
16217,39,MALE
16678,39,FEMALE
16216,50,MALE
16808,37,FEMALE
16215,41,FEMALE
15739,29,FEMALE
16603,49,MALE
15731,19,FEMALE
16213,45,FEMALE
15723,38,FEMALE
16858,26,FEMALE
15715,42,MALE
16857,28,MALE
15707,33,MALE
16778,49,MALE
15698,28,MALE
16599,30,MALE
15690,41,FEMALE
16598,25,FEMALE
15682,23,MALE
16207,25,FEMALE
16800,23,MALE
16597,25,MALE
16338,30,MALE
16888,38,FEMALE
15657,29,FEMALE
16855,26,FEMALE
16651,34,FEMALE
16594,21,FEMALE
16649,20,FEMALE
16202,29,MALE
15632,35,MALE
16854,19,MALE
15624,22,MALE
16852,36,MALE
15616,37,MALE
16199,32,MALE
16309,35,MALE
16591,27,MALE
15600,36,MALE
16197,20,MALE
15592,32,FEMALE
16196,49,FEMALE
16295,35,FEMALE
16194,32,MALE
15576,46,MALE
16590,25,MALE
15568,45,FEMALE
16851,40,FEMALE
15560,29,FEMALE
16588,42,FEMALE
16828,36,MALE
16189,43,MALE
16718,20,MALE
16587,42,FEMALE
15908,26,MALE
16187,34,MALE
15904,18,MALE
16772,28,MALE
16914,43,FEMALE
16585,42,FEMALE
15896,18,MALE
16184,41,FEMALE
15892,48,FEMALE
16850,49,MALE
16821,28,MALE
16583,20,MALE
15884,25,MALE
16181,40,FEMALE
15880,30,FEMALE
16582,21,MALE
15876,28,FEMALE
16179,19,FEMALE
16435,41,MALE
16581,40,MALE
15868,39,MALE
16579,29,MALE
16707,19,MALE
16176,46,MALE
16426,44,MALE
16578,29,FEMALE
16423,40,MALE
16577,21,FEMALE
16420,40,MALE
16173,40,MALE
15848,50,FEMALE
16576,38,FEMALE
15844,21,FEMALE
16171,48,FEMALE
15840,50,FEMALE
16575,27,MALE
15836,28,MALE
16169,28,MALE
15831,34,MALE
16849,23,FEMALE
16696,27,MALE
16167,37,FEMALE
16815,45,FEMALE
16166,24,MALE
16869,48,FEMALE
16165,38,MALE
15815,47,FEMALE
16164,37,FEMALE
16404,31,FEMALE
16573,38,FEMALE
16688,25,FEMALE
16162,21,FEMALE
16398,43,FEMALE
16572,27,FEMALE
16396,40,FEMALE
16160,45,FEMALE
16685,34,MALE
16911,45,FEMALE
15790,22,FEMALE
16158,48,MALE
16390,37,FEMALE
16157,29,MALE
16388,49,MALE
16886,22,FEMALE
15778,26,FEMALE
16155,41,FEMALE
16868,19,MALE
16154,39,FEMALE
15770,48,FEMALE
16910,40,FEMALE
16381,19,MALE
16152,47,MALE
15762,40,MALE
16151,49,FEMALE
16378,27,FEMALE
16568,22,MALE
15753,41,MALE
16567,41,FEMALE
15749,21,MALE
16566,37,FEMALE
15745,29,FEMALE
16565,18,MALE
15741,29,FEMALE
16564,38,FEMALE
15737,30,FEMALE
16766,23,FEMALE
15733,46,MALE
16144,35,MALE
16673,27,MALE
16562,31,MALE
15725,25,MALE
16142,32,FEMALE
15721,36,FEMALE
16561,19,FEMALE
16360,18,FEMALE
16845,19,MALE
16667,28,MALE
16139,34,MALE
16355,39,MALE
16138,45,MALE
15705,18,FEMALE
16137,20,MALE
15700,28,MALE
16559,25,MALE
16352,39,FEMALE
16764,31,FEMALE
15692,44,FEMALE
16557,32,MALE
15688,35,MALE
16763,39,MALE
15684,35,MALE
16132,42,FEMALE
16657,44,MALE
16762,20,MALE
15676,44,MALE
16130,24,MALE
15671,25,FEMALE
16129,44,MALE
15667,24,MALE
16761,22,MALE
15663,49,MALE
16127,23,FEMALE
16334,34,FEMALE
16760,46,FEMALE
15655,45,FEMALE
16125,24,MALE
16331,26,MALE
16759,48,FEMALE
15647,27,MALE
16123,45,FEMALE
15643,45,FEMALE
16758,19,FEMALE
16324,40,FEMALE
16844,18,FEMALE
16319,47,FEMALE
16897,25,MALE
16318,37,MALE
16548,38,FEMALE
16644,23,FEMALE
16118,38,MALE
16313,47,FEMALE
16547,39,FEMALE
15618,30,FEMALE
16116,48,MALE
15614,44,MALE
16842,29,MALE
15610,45,FEMALE
16114,43,MALE
16307,27,MALE
16113,18,FEMALE
16304,45,MALE
16112,30,FEMALE
16300,44,FEMALE
16111,42,FEMALE
15594,27,FEMALE
16754,24,MALE
16297,27,MALE
16544,27,FEMALE
15586,48,FEMALE
16543,21,MALE
15582,19,MALE
16107,50,MALE
15578,26,FEMALE
16106,22,MALE
16637,43,FEMALE
16753,23,MALE
16636,44,FEMALE
16540,20,FEMALE
15566,35,FEMALE
16752,35,MALE
15562,38,FEMALE
16102,22,MALE
16790,23,FEMALE
16538,32,FEMALE
16452,40,FEMALE
16100,49,FEMALE
15915,23,MALE
16537,27,MALE
15913,43,FEMALE
16536,49,FEMALE
15911,35,MALE
16097,50,MALE
15909,23,FEMALE
16751,20,MALE
15907,25,MALE
16095,37,FEMALE
15905,50,FEMALE
16534,18,FEMALE
16826,25,MALE
16093,22,MALE
16893,42,MALE
16533,22,MALE
15899,45,MALE
16091,27,FEMALE
15897,35,MALE
16090,28,MALE
15895,47,FEMALE
16089,41,MALE
15893,31,FEMALE
16088,47,FEMALE
15891,21,FEMALE
16087,40,FEMALE
16822,46,FEMALE
16750,50,FEMALE
15887,30,FEMALE
16749,48,FEMALE
16438,50,MALE
16084,31,FEMALE
15883,50,MALE
16530,25,MALE
15881,48,MALE
16082,22,MALE
15879,23,FEMALE
16896,36,FEMALE
15877,39,MALE
16528,37,MALE
15875,24,MALE
16079,21,MALE
15873,25,MALE
16747,29,MALE
15871,22,FEMALE
16077,45,MALE
16708,48,MALE
16076,28,MALE
16432,35,FEMALE
16075,37,FEMALE
16431,44,FEMALE
16074,42,MALE
16429,25,FEMALE
16073,24,FEMALE
16427,18,FEMALE
16840,44,MALE
15859,27,FEMALE
16745,34,FEMALE
16818,25,MALE
16070,25,FEMALE
16704,36,FEMALE
16069,27,FEMALE
15853,23,FEMALE
16068,39,MALE
15851,36,FEMALE
16067,47,MALE
15849,35,MALE
16066,47,FEMALE
16870,32,MALE
16065,22,FEMALE
16417,40,FEMALE
16063,24,FEMALE
15843,37,MALE
16524,47,FEMALE
16816,41,FEMALE
16744,46,FEMALE
15839,29,MALE
16060,30,MALE
16698,34,FEMALE
16522,22,FEMALE
15835,24,FEMALE
16058,34,MALE
15832,50,MALE
16521,46,MALE
15830,18,MALE
16056,40,MALE
15828,50,FEMALE
16055,46,MALE
16695,46,MALE
16882,36,FEMALE
15824,43,MALE
16881,31,MALE
16408,41,FEMALE
16052,19,FEMALE
15820,28,MALE
16051,41,MALE
15818,40,FEMALE
16741,36,FEMALE
15816,21,MALE
16517,23,MALE
16691,30,FEMALE
16516,47,FEMALE
16405,29,FEMALE
16046,18,MALE
16403,50,FEMALE
16740,39,MALE
16689,28,MALE
16044,31,MALE
15806,18,MALE
16514,46,FEMALE
15804,34,FEMALE
16513,32,FEMALE
15802,47,MALE
16041,26,MALE
16397,25,FEMALE
16837,37,FEMALE
15798,25,MALE
16039,36,FEMALE
16394,20,FEMALE
16038,18,MALE
16811,33,MALE
16510,46,MALE
16391,32,FEMALE
16509,23,FEMALE
15789,29,MALE
16035,48,MALE
15787,31,FEMALE
16508,24,FEMALE
16389,31,FEMALE
16507,47,FEMALE
15783,41,MALE
16032,47,FEMALE
15781,43,MALE
16031,47,FEMALE
15779,42,MALE
16030,46,FEMALE
16683,28,MALE
16506,28,MALE
16682,32,MALE
16028,49,MALE
16867,27,MALE
16505,30,MALE
15771,49,FEMALE
16026,38,FEMALE
16679,34,MALE
16025,40,FEMALE
15767,32,MALE
16504,27,FEMALE
15765,33,FEMALE
16023,45,FEMALE
15763,19,FEMALE
16022,29,FEMALE
15761,22,FEMALE
16021,41,MALE
15758,25,FEMALE
16020,39,MALE
15756,47,MALE
16738,44,FEMALE
16376,49,FEMALE
16502,27,FEMALE
16375,45,FEMALE
16501,20,FEMALE
16677,18,MALE
16909,48,MALE
16373,46,FEMALE
16015,30,MALE
15746,39,MALE
16499,40,FEMALE
15744,35,MALE
16498,34,FEMALE
15742,37,MALE
16736,34,MALE
15740,41,FEMALE
16879,26,FEMALE
16371,18,MALE
16495,47,MALE
15736,47,MALE
16009,44,MALE
16370,38,MALE
16494,48,MALE
16675,44,FEMALE
16734,19,FEMALE
16674,45,MALE
16492,22,FEMALE
16672,20,FEMALE
16733,27,MALE
15726,42,MALE
16004,43,MALE
16364,37,FEMALE
16490,37,MALE
16363,33,MALE
16002,21,FEMALE
16866,32,MALE
16001,40,MALE
15718,26,FEMALE
16000,20,MALE
16806,44,FEMALE
16489,37,FEMALE
16865,23,FEMALE
15997,21,MALE
16804,21,MALE
16488,37,FEMALE
15710,33,FEMALE
15995,49,MALE
16664,31,FEMALE
16487,42,FEMALE
15706,41,FEMALE
15993,43,MALE
16662,43,FEMALE
16486,45,FEMALE
15701,38,FEMALE
15991,19,MALE
15699,46,MALE
16878,21,MALE
15697,42,FEMALE
15989,35,MALE
16661,39,MALE
16484,43,FEMALE
15693,28,FEMALE
16483,28,FEMALE
16349,22,FEMALE
16482,20,FEMALE
16659,22,FEMALE
16481,37,MALE
15687,32,MALE
16480,36,FEMALE
15685,24,FEMALE
16479,37,MALE
16658,38,FEMALE
15982,31,FEMALE
16346,27,FEMALE
16478,42,MALE
15679,30,FEMALE
16731,41,MALE
16801,37,MALE
15979,49,MALE
16342,26,FEMALE
16476,38,FEMALE
16653,31,MALE
15977,46,MALE
16339,22,MALE
16475,39,MALE
15668,21,MALE
15975,39,MALE
15666,37,FEMALE
15974,38,MALE
16337,20,MALE
16474,45,MALE
15662,33,FEMALE
15972,49,MALE
16335,47,MALE
16730,44,MALE
16333,26,FEMALE
16472,18,FEMALE
15656,45,MALE
16729,24,MALE
15654,36,MALE
15968,39,MALE
16799,39,MALE
16728,42,FEMALE
15650,26,FEMALE
15966,46,MALE
15648,46,FEMALE
16727,46,FEMALE
16329,20,FEMALE
15964,31,FEMALE
15644,29,MALE
15963,27,MALE
16798,42,MALE
15962,18,MALE
16797,46,MALE
15961,18,FEMALE
16796,41,MALE
15960,39,MALE
15635,20,MALE
15959,18,MALE
15633,47,MALE
16877,50,FEMALE
15631,41,MALE
16467,22,FEMALE
15629,35,FEMALE
15956,40,MALE
15627,35,FEMALE
16876,38,MALE
16795,40,MALE
15954,27,MALE
16314,48,MALE
16465,23,FEMALE
15621,27,MALE
15952,42,FEMALE
15619,34,FEMALE
16464,28,MALE
15617,32,FEMALE
16463,20,MALE
16311,43,MALE
15949,42,FEMALE
15613,22,MALE
16462,43,MALE
16310,49,MALE
15947,24,FEMALE
15609,44,MALE
15946,34,MALE
16864,47,MALE
15945,18,FEMALE
16793,19,MALE
16724,18,FEMALE
16305,50,FEMALE
15943,35,FEMALE
16640,45,MALE
15942,43,MALE
16302,32,FEMALE
15941,42,FEMALE
16299,34,MALE
16460,49,MALE
15595,32,MALE
16831,36,MALE
15593,42,FEMALE
16457,50,FEMALE
15591,46,MALE
15937,50,FEMALE
15589,43,MALE
15936,48,MALE
16296,21,FEMALE
15935,27,MALE
15585,49,FEMALE
15934,32,FEMALE
15583,38,FEMALE
15933,32,FEMALE
16294,42,MALE
15932,25,MALE
16862,29,FEMALE
15931,35,MALE
15577,29,FEMALE
15930,50,MALE
15575,30,MALE
15929,40,MALE
16290,22,MALE
15928,40,MALE
16288,35,FEMALE
15927,39,MALE
16286,34,FEMALE
15926,23,MALE
15567,44,FEMALE
15925,46,FEMALE
15565,47,MALE
15923,38,MALE
16285,42,FEMALE
15922,34,FEMALE
16635,28,FEMALE
16894,23,FEMALE
15559,46,MALE
16721,46,FEMALE
16874,44,MALE
16234,36,FEMALE
17124,29,FEMALE
18202,45,FEMALE
16989,27,FEMALE
17653,36,FEMALE
17776,31,FEMALE
17652,36,FEMALE
17054,29,FEMALE
18007,46,MALE
16924,43,FEMALE
17650,29,MALE
17793,36,FEMALE
18167,29,MALE
18244,36,MALE
18005,37,FEMALE
18052,47,MALE
18003,44,MALE
17697,34,MALE
18002,19,FEMALE
16956,23,FEMALE
18166,25,MALE
17270,27,FEMALE
17643,22,MALE
17804,28,MALE
18000,21,MALE
17206,36,FEMALE
18165,21,FEMALE
17173,18,MALE
17998,46,MALE
17140,19,FEMALE
17638,35,FEMALE
17108,28,FEMALE
17637,37,MALE
17073,28,MALE
17636,43,FEMALE
18038,20,MALE
17635,40,FEMALE
17005,33,MALE
17634,22,MALE
16973,27,MALE
17997,21,FEMALE
18011,31,FEMALE
17996,18,FEMALE
17279,30,FEMALE
17630,24,FEMALE
17815,35,FEMALE
18164,44,MALE
17246,29,FEMALE
17628,46,FEMALE
17798,42,FEMALE
17627,43,MALE
17214,27,FEMALE
17626,36,MALE
17780,24,FEMALE
18163,22,MALE
17182,23,MALE
17993,40,MALE
18067,38,MALE
17992,23,FEMALE
17148,26,FEMALE
17622,33,MALE
17132,23,FEMALE
18285,32,MALE
17116,37,FEMALE
17620,43,FEMALE
17099,21,FEMALE
17619,40,MALE
17729,25,FEMALE
18261,28,FEMALE
18046,42,FEMALE
17617,24,MALE
17712,47,FEMALE
17989,41,MALE
17030,34,MALE
18159,44,FEMALE
17014,28,MALE
17614,43,FEMALE
16997,38,MALE
17613,20,MALE
16981,25,FEMALE
18158,20,FEMALE
16965,49,MALE
17986,42,MALE
17668,29,FEMALE
17610,27,MALE
18169,24,FEMALE
17985,18,MALE
17283,42,MALE
18157,40,FEMALE
17275,37,MALE
17607,24,FEMALE
18248,45,FEMALE
17983,36,FEMALE
17258,50,MALE
17982,18,FEMALE
17250,43,FEMALE
17981,20,FEMALE
17806,20,FEMALE
18228,26,MALE
17234,38,FEMALE
17979,21,MALE
17795,48,MALE
17600,32,MALE
18197,41,FEMALE
17599,30,FEMALE
17210,40,MALE
17598,32,MALE
17202,21,MALE
17978,25,FEMALE
17779,33,FEMALE
18155,23,MALE
17186,19,FEMALE
17595,36,FEMALE
17177,33,MALE
17976,40,MALE
17766,25,FEMALE
18275,44,MALE
17161,45,FEMALE
18153,19,FEMALE
17153,32,MALE
17590,33,MALE
17144,39,MALE
17973,22,FEMALE
17136,38,MALE
17972,38,MALE
17128,48,MALE
17587,34,MALE
17120,26,MALE
17586,30,MALE
17112,32,FEMALE
17971,27,FEMALE
17104,40,FEMALE
17970,44,FEMALE
17737,35,MALE
17583,44,FEMALE
17733,37,FEMALE
18152,38,MALE
17077,46,MALE
17968,44,MALE
18183,40,FEMALE
17967,38,FEMALE
18045,29,FEMALE
18274,44,MALE
18182,42,MALE
18150,33,MALE
17042,32,FEMALE
17577,39,FEMALE
17704,26,FEMALE
18258,22,FEMALE
17699,44,MALE
17575,38,MALE
18032,30,MALE
17574,18,FEMALE
17009,25,MALE
17573,34,MALE
17688,47,MALE
17963,39,FEMALE
16993,18,FEMALE
18148,41,MALE
18025,47,FEMALE
17570,37,FEMALE
16977,47,FEMALE
17569,48,MALE
16969,28,FEMALE
17568,49,FEMALE
18234,45,MALE
18147,31,FEMALE
17670,26,FEMALE
17566,49,MALE
16944,21,FEMALE
17565,34,FEMALE
17662,42,MALE
17564,42,FEMALE
17657,47,MALE
17563,32,MALE
16920,19,MALE
17562,47,MALE
17281,45,FEMALE
18146,23,MALE
17277,32,FEMALE
17959,38,FEMALE
17273,39,MALE
17559,40,FEMALE
18088,26,FEMALE
17558,25,FEMALE
17264,40,MALE
17557,22,FEMALE
17260,32,FEMALE
17958,46,FEMALE
17813,21,MALE
17957,28,FEMALE
17252,46,FEMALE
17554,42,FEMALE
17810,50,FEMALE
17956,41,MALE
17808,30,MALE
18224,46,MALE
17240,38,MALE
18284,18,FEMALE
18082,38,MALE
17549,42,FEMALE
17232,43,MALE
17953,34,FEMALE
18080,35,FEMALE
17547,39,FEMALE
17224,32,MALE
17546,31,FEMALE
17791,35,FEMALE
17952,29,MALE
17216,45,FEMALE
17544,34,MALE
17786,35,MALE
17543,43,FEMALE
17208,38,FEMALE
18143,47,MALE
18074,33,MALE
17541,20,FEMALE
17200,43,FEMALE
18142,18,FEMALE
17196,19,MALE
17539,23,FEMALE
17192,18,FEMALE
17538,35,FEMALE
18073,36,FEMALE
17537,41,MALE
17184,35,FEMALE
18141,43,MALE
18195,27,FEMALE
17535,42,MALE
17175,22,FEMALE
17948,45,MALE
18068,28,MALE
17533,50,MALE
17167,37,MALE
17532,38,FEMALE
18282,30,FEMALE
17947,37,MALE
17762,32,FEMALE
17946,34,FEMALE
18063,32,MALE
17529,20,MALE
17150,28,MALE
17528,37,MALE
17756,31,MALE
17527,28,FEMALE
17755,50,FEMALE
17945,22,FEMALE
17753,38,MALE
17525,40,MALE
17750,28,MALE
17524,32,FEMALE
17130,34,MALE
17523,21,MALE
17748,19,MALE
17522,22,FEMALE
18266,40,FEMALE
17944,40,MALE
17118,18,FEMALE
17520,23,FEMALE
17114,26,FEMALE
17943,22,MALE
17743,33,FEMALE
17518,40,MALE
17106,49,MALE
17517,40,MALE
17740,32,FEMALE
17942,23,MALE
18185,23,FEMALE
18139,20,FEMALE
17736,38,MALE
18138,25,MALE
17088,21,MALE
17939,41,FEMALE
18051,39,FEMALE
17938,27,FEMALE
17079,22,MALE
17937,28,FEMALE
17726,26,MALE
17936,21,FEMALE
17725,46,MALE
17509,23,FEMALE
17721,19,MALE
17507,40,MALE
17061,50,MALE
17506,19,MALE
17057,21,FEMALE
18137,41,MALE
17052,26,MALE
18222,44,FEMALE
18180,26,FEMALE
17503,39,MALE
17710,20,FEMALE
17502,20,MALE
18039,30,FEMALE
17501,19,MALE
17036,21,MALE
17500,40,FEMALE
17032,45,FEMALE
17933,41,MALE
17028,18,MALE
17498,41,MALE
17024,47,FEMALE
17497,30,FEMALE
17020,28,FEMALE
17496,35,FEMALE
17016,48,FEMALE
17932,43,FEMALE
17693,33,FEMALE
17494,50,MALE
18030,41,FEMALE
17493,22,MALE
17003,33,MALE
18256,39,MALE
16999,28,MALE
18134,33,FEMALE
16995,23,MALE
18133,44,MALE
16991,45,MALE
17489,49,MALE
18026,19,MALE
17488,19,MALE
18023,40,MALE
17486,34,FEMALE
18021,32,FEMALE
17484,33,FEMALE
16975,40,FEMALE
18132,36,FEMALE
16971,26,FEMALE
17482,26,MALE
16967,32,MALE
17481,41,MALE
16962,32,MALE
18131,44,MALE
16958,26,FEMALE
17479,25,MALE
18232,47,FEMALE
17478,43,MALE
18015,19,FEMALE
17477,34,MALE
16946,42,MALE
17476,35,MALE
16942,29,FEMALE
17475,25,MALE
18010,39,MALE
17474,27,MALE
17661,46,MALE
17473,43,MALE
16930,46,FEMALE
17925,22,MALE
16926,50,FEMALE
17471,29,FEMALE
16922,36,MALE
18130,21,MALE
17822,49,FEMALE
18129,37,MALE
17821,18,FEMALE
17922,30,FEMALE
17280,44,FEMALE
17467,39,FEMALE
18090,49,FEMALE
17466,32,MALE
17276,20,FEMALE
17465,34,FEMALE
18089,28,FEMALE
18128,27,FEMALE
17272,31,FEMALE
18279,40,FEMALE
17269,28,FEMALE
17462,21,FEMALE
17267,33,FEMALE
17461,38,MALE
17265,36,FEMALE
18126,40,FEMALE
17263,48,FEMALE
17459,49,FEMALE
17261,45,FEMALE
17918,45,FEMALE
17814,47,FEMALE
17917,29,MALE
17257,50,MALE
17456,42,FEMALE
18086,27,FEMALE
17455,38,MALE
17253,40,MALE
17916,18,FEMALE
17251,45,MALE
17453,35,FEMALE
17249,30,MALE
17452,19,FEMALE
17247,35,MALE
17451,36,FEMALE
18200,33,FEMALE
17915,39,MALE
17807,31,FEMALE
17914,34,MALE
17241,26,MALE
18125,37,MALE
18083,50,FEMALE
17447,25,FEMALE
17803,30,FEMALE
17446,26,FEMALE
17801,18,FEMALE
17445,47,FEMALE
17800,23,MALE
18124,29,FEMALE
18081,30,FEMALE
17911,38,MALE
17229,38,MALE
17439,21,MALE
18199,38,MALE
17908,46,MALE
17225,28,FEMALE
17437,19,FEMALE
17794,27,MALE
17907,21,FEMALE
17792,36,FEMALE
17435,29,MALE
18198,43,MALE
17434,29,MALE
17788,44,FEMALE
17906,22,MALE
17215,46,FEMALE
18254,35,FEMALE
18076,27,FEMALE
17431,32,MALE
18247,41,FEMALE
17904,31,FEMALE
17209,37,FEMALE
17903,29,FEMALE
17207,33,MALE
17902,24,FEMALE
17784,20,FEMALE
17427,20,FEMALE
17782,35,MALE
18122,38,MALE
17781,19,FEMALE
17425,37,MALE
17199,41,FEMALE
17424,35,FEMALE
17197,37,FEMALE
17900,42,FEMALE
17195,28,MALE
17899,28,FEMALE
17778,23,FEMALE
17421,32,FEMALE
17777,37,FEMALE
18121,42,MALE
17775,26,MALE
18120,39,FEMALE
17773,26,FEMALE
17896,31,FEMALE
17185,36,FEMALE
17417,42,FEMALE
17183,38,FEMALE
17895,31,FEMALE
18072,46,MALE
17415,29,FEMALE
17770,39,FEMALE
18119,46,MALE
18070,43,MALE
17413,33,MALE
17174,28,MALE
17893,37,FEMALE
18269,19,FEMALE
17892,33,FEMALE
17170,32,FEMALE
17410,43,MALE
17168,32,MALE
17891,46,FEMALE
17166,25,FEMALE
17890,42,FEMALE
17164,25,MALE
17407,27,MALE
17162,23,MALE
18253,30,MALE
18192,21,MALE
17405,21,FEMALE
17761,24,FEMALE
18117,41,FEMALE
17156,23,MALE
17887,43,FEMALE
17154,44,MALE
17401,43,MALE
18243,45,FEMALE
18271,23,FEMALE
17149,42,MALE
17399,49,MALE
18267,39,MALE
17398,42,MALE
17145,50,FEMALE
17885,45,MALE
17143,20,MALE
18115,49,MALE
17141,47,FEMALE
17395,45,FEMALE
18060,21,FEMALE
17394,36,FEMALE
17137,18,MALE
17393,39,MALE
17751,32,MALE
18114,19,MALE
18059,40,MALE
17391,40,FEMALE
17131,32,FEMALE
17390,35,FEMALE
17129,30,MALE
17882,33,FEMALE
17127,24,FEMALE
17881,42,MALE
17125,41,FEMALE
17387,26,MALE
17747,44,FEMALE
17880,42,MALE
17121,49,MALE
17385,48,FEMALE
17119,35,FEMALE
17879,25,MALE
17117,35,FEMALE
18113,27,MALE
17745,27,MALE
17877,35,MALE
17113,28,FEMALE
17876,28,FEMALE
18057,36,FEMALE
17380,20,MALE
18187,31,MALE
17379,30,MALE
17741,20,MALE
17378,18,MALE
17105,28,MALE
17875,45,MALE
17102,38,MALE
17874,49,FEMALE
17100,44,FEMALE
18216,28,MALE
17098,30,MALE
17872,22,FEMALE
18054,32,MALE
18111,47,FEMALE
17093,46,MALE
18286,22,MALE
18184,21,MALE
18214,41,MALE
17089,22,FEMALE
17370,31,FEMALE
17086,40,MALE
17369,39,MALE
17732,34,MALE
17868,39,MALE
18050,31,MALE
17367,42,FEMALE
18049,27,FEMALE
17366,36,FEMALE
17078,44,FEMALE
18213,45,MALE
17727,32,MALE
18107,43,MALE
17074,26,MALE
17363,40,MALE
17072,37,MALE
18250,43,MALE
17724,19,MALE
18105,31,MALE
18047,18,FEMALE
18104,26,FEMALE
17064,48,MALE
18103,42,MALE
17719,18,FEMALE
18211,46,FEMALE
17060,22,MALE
17357,44,FEMALE
17058,28,MALE
17860,36,MALE
17055,50,MALE
17355,43,MALE
17053,32,FEMALE
17859,26,MALE
17717,23,MALE
18249,38,FEMALE
18240,30,MALE
17352,36,MALE
17713,47,FEMALE
18100,29,FEMALE
17711,27,MALE
17856,21,FEMALE
18265,43,MALE
17855,42,MALE
18040,48,FEMALE
18099,46,MALE
17039,44,FEMALE
17347,18,MALE
17037,23,MALE
17853,32,MALE
18238,34,MALE
18098,44,MALE
18237,32,MALE
17344,45,FEMALE
18175,25,FEMALE
17343,38,MALE
17701,19,MALE
17342,18,MALE
18264,33,MALE
17851,46,FEMALE
17698,47,MALE
18209,35,FEMALE
17023,26,MALE
18208,39,MALE
17021,31,FEMALE
18207,42,MALE
18033,46,MALE
17337,43,FEMALE
18031,30,MALE
17336,35,FEMALE
17015,27,MALE
17335,40,FEMALE
17013,22,MALE
17847,19,MALE
17010,23,MALE
17333,18,MALE
17008,47,MALE
17332,30,MALE
17691,30,FEMALE
17331,45,MALE
18029,40,MALE
17846,21,MALE
17689,23,FEMALE
17329,41,MALE
17000,50,MALE
17328,34,MALE
17687,34,FEMALE
17327,20,MALE
18028,43,MALE
17326,25,FEMALE
16994,26,MALE
17845,45,MALE
18027,28,MALE
18206,46,FEMALE
17684,25,MALE
17842,27,MALE
17683,49,MALE
17322,40,MALE
17681,43,MALE
18205,27,FEMALE
18024,23,FEMALE
17840,48,MALE
16982,43,FEMALE
17319,21,MALE
18235,32,MALE
17317,25,FEMALE
18020,36,MALE
17316,32,FEMALE
16976,47,MALE
17839,21,FEMALE
16974,34,FEMALE
18204,24,MALE
16972,23,MALE
17313,31,FEMALE
16970,25,MALE
17312,18,FEMALE
16968,44,FEMALE
17837,25,MALE
16966,28,FEMALE
17310,19,MALE
16963,28,MALE
17836,35,MALE
18019,29,FEMALE
17308,20,MALE
16959,29,FEMALE
17307,48,MALE
16957,29,MALE
17835,34,MALE
18233,22,FEMALE
17305,32,FEMALE
16953,33,FEMALE
17304,25,MALE
16951,25,MALE
17302,40,MALE
16949,36,MALE
17834,49,MALE
18014,32,MALE
17300,36,MALE
18013,20,MALE
17832,30,MALE
17665,50,FEMALE
17831,37,MALE
16941,47,FEMALE
17297,30,FEMALE
16939,44,FEMALE
17295,34,FEMALE
16937,25,FEMALE
17294,24,MALE
16935,32,MALE
17830,49,FEMALE
17660,40,MALE
17292,20,FEMALE
17658,47,MALE
17291,20,FEMALE
16929,18,FEMALE
18091,21,MALE
16927,28,MALE
17826,35,FEMALE
16925,43,MALE
17825,31,FEMALE
17656,48,MALE
17824,26,MALE
18263,32,FEMALE
17823,24,MALE
17654,49,FEMALE
17285,34,FEMALE
17605,21,MALE